# Метеостанция Москва (ВДНХ), Россия, WMO_ID=27612, выборка с 01.08.2023 по 29.08.2023, все дни
# Кодировка: UTF-8
# Информация предоставлена сайтом "Расписание Погоды", rp5.ru
# Пожалуйста, при использовании данных, любезно указывайте названный сайт.
# Обозначения метеопараметров см. по адресу http://rp5.ru/archive.php?wmo_id=27612&lang=ru
#
"Местное время в Москве (ВДНХ)";"T";"Po";"P";"Pa";"U";"DD";"Ff";"ff10";"ff3";"N";"WW";"W1";"W2";"Tn";"Tx";"Cl";"Nh";"H";"Cm";"Ch";"VV";"Td";"RRR";"tR";"E";"Tg";"E'";"sss"
"29.08.2023 21:00";"15.2";"747.7";"761.0";"0.2";"89";"Штиль, безветрие";"0";"";"";"100%.";" ";"";"";"";"16.6";"Слоистые разорванные или кучевые разорванные облака плохой погоды, либо те и другие вместе (разорванно-дождевые); обычно расположены под слоистыми или слоисто-дождевыми облаками.";"100%.";"300-600";"";"";"17.0";"13.3";"Осадков нет";"12";"";"";"";"";
"29.08.2023 18:00";"15.4";"747.5";"760.8";"0.1";"83";"Штиль, безветрие";"0";"";"";"100%.";" ";"";"";"";"";"Слоисто-кучевые, образовавшиеся не из кучевых.";"100%.";"300-600";"";"";"19.0";"12.5";"Осадков нет";"12";"";"";"";"";
"29.08.2023 15:00";"16.5";"747.4";"760.6";"0.1";"69";"Штиль, безветрие";"0";"";"";"100%.";" ";"";"";"";"";"Слоисто-кучевые, образовавшиеся не из кучевых.";"100%.";"600-1000";"";"";"20.0";"10.7";"";"";"";"";"";"";
"29.08.2023 12:00";"15.9";"747.3";"760.6";"0.4";"67";"Ветер, дующий с юго-востока";"1";"";"";"100%.";" ";"";"";"";"";"Слоисто-кучевые, образовавшиеся не из кучевых.";"100%.";"1000-1500";"";"";"20.0";"9.8";"";"";"";"";"";"";
"29.08.2023 09:00";"15.0";"746.9";"760.2";"-0.1";"64";"Ветер, дующий с юго-востока";"1";"";"";"100%.";" ";"";"";"11.5";"";"Слоисто-кучевых, слоистых, кучевых или кучево-дождевых облаков нет.";"100%.";"2500 или более, или облаков нет.";"Высококучевые просвечивающие, полосами, либо один или несколько слоев высококучевых просвечивающих, распространяющихся по небу; эти высококучевые в целом уплотняются.";"";"20.0";"8.3";"Осадков нет";"12";"Поверхность почвы влажная.";"11.0";"";"";
"29.08.2023 06:00";"12.3";"747.0";"760.4";"0.2";"73";"Ветер, дующий с юго-востока";"1";"";"";"70 – 80%.";" ";"";"";"11.5";"";"Слоисто-кучевых, слоистых, кучевых или кучево-дождевых облаков нет.";"70 – 80%.";"2500 или более, или облаков нет.";"Высококучевые просвечивающие, расположенные на одном уровне.";"Перистых, перисто-кучевых или перисто-слоистых нет.";"20.0";"7.5";"Осадков нет";"12";"";"";"";"";
"29.08.2023 03:00";"11.7";"746.8";"760.3";"0.3";"73";"Ветер, дующий с востоко-юго-востока";"1";"";"";"90  или более, но не 100%";" ";"";"";"";"";"Слоисто-кучевых, слоистых, кучевых или кучево-дождевых облаков нет.";"90  или более, но не 100%";"2500 или более, или облаков нет.";"Высококучевые просвечивающие, расположенные на одном уровне.";"Перистых, перисто-кучевых или перисто-слоистых нет.";"20.0";"7.0";"";"";"";"";"";"";
"29.08.2023 00:00";"12.9";"746.5";"759.9";"0.1";"72";"Штиль, безветрие";"0";"";"";"70 – 80%.";" ";"";"";"";"";"Слоисто-кучевых, слоистых, кучевых или кучево-дождевых облаков нет.";"50%.";"2500 или более, или облаков нет.";"Высококучевые башенкообразные или хлопьевидные.";"Перистые нитевидные, иногда когтевидные, не распространяющиеся по небу.";"20.0";"7.9";"";"";"";"";"";"";
"28.08.2023 21:00";"14.0";"746.4";"759.7";"1.1";"74";"Штиль, безветрие";"0";"";"";"10%  или менее, но не 0";" ";"";"";"";"20.7";"Слоисто-кучевых, слоистых, кучевых или кучево-дождевых облаков нет.";"Облаков нет.";"2500 или более, или облаков нет.";"Высококучевых, высокослоистых или слоисто-дождевых облаков нет.";"Перистые нитевидные, иногда когтевидные, не распространяющиеся по небу.";"20.0";"9.4";"Осадков нет";"12";"";"";"";"";
"28.08.2023 18:00";"19.2";"745.3";"758.4";"-0.3";"51";"Штиль, безветрие";"0";"";"";"90  или более, но не 100%";" ";"";"";"";"";"Кучевые плоские или кучевые разорванные, или те и другие вместе, не относящиеся к облакам плохой погоды.";"50%.";"1500-2000";"Высококучевых, высокослоистых или слоисто-дождевых облаков нет.";"Перистые нитевидные, иногда когтевидные, не распространяющиеся по небу.";"20.0";"8.8";"Осадков нет";"12";"";"";"";"";
"28.08.2023 15:00";"19.3";"745.6";"758.7";"-0.3";"53";"Ветер, дующий с северо-востока";"1";"";"";"90  или более, но не 100%";" ";"";"";"";"";"Кучевые плоские или кучевые разорванные, или те и другие вместе, не относящиеся к облакам плохой погоды.";"70 – 80%.";"1000-1500";"Высококучевых, высокослоистых или слоисто-дождевых облаков нет.";"Перистые нитевидные, иногда когтевидные, не распространяющиеся по небу.";"20.0";"9.4";"";"";"";"";"";"";
"28.08.2023 12:00";"19.4";"745.9";"758.9";"0.1";"53";"Ветер, дующий с севера";"2";"";"";"70 – 80%.";" ";"";"";"";"";"Кучевые средние или мощные или вместе с кучевыми разорванными, или с кучевыми плоскими, или со слоисто-кучевыми, либо без них; основания всех этих облаков расположены на одном уровне.";"70 – 80%.";"1000-1500";"Высококучевых, высокослоистых или слоисто-дождевых облаков нет.";"Перистых, перисто-кучевых или перисто-слоистых нет.";"20.0";"9.4";"";"";"";"";"";"";
"28.08.2023 09:00";"17.6";"745.8";"759.0";"0.0";"62";"Ветер, дующий с севера";"1";"";"";"70 – 80%.";" ";"";"";"11.0";"";"Слоисто-кучевых, слоистых, кучевых или кучево-дождевых облаков нет.";"Облаков нет.";"2500 или более, или облаков нет.";"Высококучевых, высокослоистых или слоисто-дождевых облаков нет.";"Перистые нитевидные, иногда когтевидные, не распространяющиеся по небу.";"20.0";"10.3";"Осадков нет";"12";"Поверхность почвы влажная.";"11.0";"";"";
"28.08.2023 06:00";"11.0";"745.8";"759.2";"0.5";"98";"Штиль, безветрие";"0";"";"";"70 – 80%.";"Дымка. ";"Облака покрывали более половины неба в течение одной части соответствующего периода и половину или менее в течение другой части периода.";"Облака покрывали более половины неба в течение одной части соответствующего периода и половину или менее в течение другой части периода.";"11.0";"";"Слоисто-кучевых, слоистых, кучевых или кучево-дождевых облаков нет.";"60%.";"2500 или более, или облаков нет.";"Высококучевые просвечивающие, расположенные на одном уровне.";"Перистые нитевидные, иногда когтевидные, не распространяющиеся по небу.";"9.0";"10.7";"Осадков нет";"12";"";"";"";"";
"28.08.2023 03:00";"12.4";"745.3";"758.7";"0.1";"97";"Штиль, безветрие";"0";"";"";"40%.";"Дымка. ";"Облака покрывали половину неба или менее в течение всего соответствующего периода.";"Облака покрывали половину неба или менее в течение всего соответствующего периода.";"";"";"Слоисто-кучевых, слоистых, кучевых или кучево-дождевых облаков нет.";"Облаков нет.";"2500 или более, или облаков нет.";"Высококучевых, высокослоистых или слоисто-дождевых облаков нет.";"Перистые нитевидные, иногда когтевидные, не распространяющиеся по небу.";"9.0";"12.0";"";"";"";"";"";"";
"28.08.2023 00:00";"13.9";"745.2";"758.5";"0.7";"95";"Штиль, безветрие";"0";"";"";"20–30%.";" ";"";"";"";"";"Слоисто-кучевых, слоистых, кучевых или кучево-дождевых облаков нет.";"20–30%.";"2500 или более, или облаков нет.";"Высококучевые просвечивающие, расположенные на одном уровне.";"Перистых, перисто-кучевых или перисто-слоистых нет.";"20.0";"13.1";"";"";"";"";"";"";
"27.08.2023 21:00";"15.1";"744.5";"757.8";"-0.2";"91";"Штиль, безветрие";"0";"";"";"Облаков нет.";" ";"";"";"";"21.4";"";"";"";"";"";"20.0";"13.7";"Осадков нет";"12";"";"";"";"";
"27.08.2023 18:00";"19.0";"744.7";"757.7";"0.0";"71";"Штиль, безветрие";"0";"";"";"90  или более, но не 100%";" ";"";"";"";"";"Слоисто-кучевые, образовавшиеся из кучевых.";"70 – 80%.";"1000-1500";"Высококучевые просвечивающие, расположенные на одном уровне.";"Перистых, перисто-кучевых или перисто-слоистых нет.";"20.0";"13.6";"Осадков нет";"12";"";"";"";"";
"27.08.2023 15:00";"21.1";"744.7";"757.6";"-0.6";"58";"Ветер, дующий с запада";"1";"";"";"90  или более, но не 100%";" ";"";"";"";"";"Кучевые и слоисто-кучевые (но не слоисто-кучевые, образовавшиеся из кучевых), основания расположены на разных уровнях.";"70 – 80%.";"1000-1500";"Высококучевых, высокослоистых или слоисто-дождевых облаков нет.";"Перистые нитевидные, иногда когтевидные, не распространяющиеся по небу.";"20.0";"12.5";"";"";"";"";"";"";
"27.08.2023 12:00";"19.2";"745.3";"758.4";"-0.5";"67";"Ветер, дующий с юго-юго-запада";"1";"";"";"70 – 80%.";" ";"";"";"";"";"Кучевые средние или мощные или вместе с кучевыми разорванными, или с кучевыми плоскими, или со слоисто-кучевыми, либо без них; основания всех этих облаков расположены на одном уровне.";"70 – 80%.";"600-1000";"Высококучевых, высокослоистых или слоисто-дождевых облаков нет.";"Перистых, перисто-кучевых или перисто-слоистых нет.";"20.0";"12.8";"";"";"";"";"";"";
"27.08.2023 09:00";"14.5";"745.8";"759.1";"0.0";"89";"Ветер, дующий с севера";"1";"";"";"100%.";" ";"";"";"12.6";"";"Слоистые разорванные или кучевые разорванные облака плохой погоды, либо те и другие вместе (разорванно-дождевые); обычно расположены под слоистыми или слоисто-дождевыми облаками.";"100%.";"200-300";"";"";"20.0";"12.7";"Осадков нет";"12";"Поверхность почвы влажная.";"13.0";"";"";
"27.08.2023 06:00";"14.4";"745.8";"759.1";"-0.4";"93";"Штиль, безветрие";"0";"";"";"100%.";" ";"";"";"12.6";"";"Слоистые туманообразные или слоистые разорванные, либо те и другие, но не относящиеся к облакам плохой погоды.";"100%.";"200-300";"";"";"20.0";"13.2";"Осадков нет";"12";"";"";"";"";
"27.08.2023 03:00";"14.3";"746.2";"759.5";"-0.3";"96";"Ветер, дующий с северо-запада";"1";"";"";"70 – 80%.";"Дымка. ";"Облака покрывали более половины неба в течение одной части соответствующего периода и половину или менее в течение другой части периода.";"Облака покрывали более половины неба в течение одной части соответствующего периода и половину или менее в течение другой части периода.";"";"";"Слоистые разорванные или кучевые разорванные облака плохой погоды, либо те и другие вместе (разорванно-дождевые); обычно расположены под слоистыми или слоисто-дождевыми облаками.";"70 – 80%.";"200-300";"Высококучевых, высокослоистых или слоисто-дождевых облаков нет.";"Перистых, перисто-кучевых или перисто-слоистых нет.";"15.0";"13.6";"";"";"";"";"";"";
"27.08.2023 00:00";"14.3";"746.5";"759.7";"-0.3";"97";"Ветер, дующий с запада";"1";"";"";"90  или более, но не 100%";"Дымка. ";"Облака покрывали более половины неба в течение одной части соответствующего периода и половину или менее в течение другой части периода.";"Облака покрывали более половины неба в течение одной части соответствующего периода и половину или менее в течение другой части периода.";"";"";"Слоистые разорванные или кучевые разорванные облака плохой погоды, либо те и другие вместе (разорванно-дождевые); обычно расположены под слоистыми или слоисто-дождевыми облаками.";"90  или более, но не 100%";"100-200";"Высококучевых, высокослоистых или слоисто-дождевых облаков нет.";"Перистых, перисто-кучевых или перисто-слоистых нет.";"";"13.9";"";"";"";"";"";"";
"26.08.2023 21:00";"13.5";"746.8";"760.1";"-0.5";"96";"Штиль, безветрие";"0";"";"";"Облаков нет.";"Облака в целом рассеиваются или становятся менее развитыми. ";"Ливень (ливни).";"Облака покрывали более половины неба в течение одной части соответствующего периода и половину или менее в течение другой части периода.";"";"18.6";"";"";"";"";"";"12.0";"12.8";"0.2";"12";"";"";"";"";
"26.08.2023 18:00";"16.6";"747.3";"760.5";"-0.7";"84";"Штиль, безветрие";"0";"";"";"90  или более, но не 100%";"Ливневый(ые) дождь(и). ";"Ливень (ливни).";"Облака покрывали более половины неба в течение всего соответствующего периода.";"";"";"Слоисто-кучевые, образовавшиеся из кучевых.";"70 – 80%.";"600-1000";"Высококучевые просвечивающие, расположенные на одном уровне.";"Перистые нитевидные, иногда когтевидные, не распространяющиеся по небу.";"20.0";"13.8";"0.2";"12";"";"";"";"";
"26.08.2023 15:00";"17.4";"748.0";"761.2";"-0.5";"67";"Ветер, дующий с юго-юго-востока";"1";"";"";"90  или более, но не 100%";" ";"";"";"";"";"Слоисто-кучевых, слоистых, кучевых или кучево-дождевых облаков нет.";"70 – 80%.";"2500 или более, или облаков нет.";"Высококучевые, просвечивающие или плотные в двух или более слоях или высококучевые плотные в одном слое, не распространяющиеся но небу, либо высококучевые с высокослоистыми или слоисто-дождевыми.";"Перистые плотные в виде клочьев или скрученных склонов, количество которых обычно не увеличивается, иногда могут казаться остатками верхней части кучево-дождевых; или перистые башенкообразные, или перистые хлопьевидные.";"20.0";"11.2";"";"";"";"";"";"";
"26.08.2023 12:00";"17.8";"748.5";"761.7";"-0.5";"59";"Ветер, дующий с запада";"1";"";"";"100%.";" ";"";"";"";"";"Слоисто-кучевые, образовавшиеся не из кучевых.";"20–30%.";"1000-1500";"Высококучевые, просвечивающие или плотные в двух или более слоях или высококучевые плотные в одном слое, не распространяющиеся но небу, либо высококучевые с высокослоистыми или слоисто-дождевыми.";"";"20.0";"9.7";"";"";"";"";"";"";
"26.08.2023 09:00";"17.2";"749.0";"762.3";"-0.3";"60";"Ветер, дующий с запада";"1";"";"";"70 – 80%.";" ";"";"";"8.9";"";"Слоисто-кучевых, слоистых, кучевых или кучево-дождевых облаков нет.";"60%.";"2500 или более, или облаков нет.";"Высококучевые просвечивающие, расположенные на одном уровне.";"Перистые нитевидные, иногда когтевидные, не распространяющиеся по небу.";"20.0";"9.2";"Осадков нет";"12";"Поверхность почвы влажная.";"10.0";"";"";
"26.08.2023 06:00";"9.5";"749.3";"762.9";"0.0";"98";"Штиль, безветрие";"0";"";"";"20–30%.";"Дымка. ";"Облака покрывали половину неба или менее в течение всего соответствующего периода.";"Облака покрывали половину неба или менее в течение всего соответствующего периода.";"8.9";"";"Слоисто-кучевых, слоистых, кучевых или кучево-дождевых облаков нет.";"Облаков нет.";"2500 или более, или облаков нет.";"Высококучевых, высокослоистых или слоисто-дождевых облаков нет.";"Перистые нитевидные, иногда когтевидные, не распространяющиеся по небу.";"2.9";"9.2";"Осадков нет";"12";"";"";"";"";
"26.08.2023 03:00";"9.2";"749.3";"763.0";"-0.2";"97";"Штиль, безветрие";"0";"";"";"Облаков нет.";" ";"";"";"";"";"";"";"";"";"";"13.0";"8.7";"";"";"";"";"";"";
"26.08.2023 00:00";"10.1";"749.5";"763.0";"0.3";"92";"Штиль, безветрие";"0";"";"";"Облаков нет.";" ";"";"";"";"";"";"";"";"";"";"20.0";"8.9";"";"";"";"";"";"";
"25.08.2023 21:00";"12.2";"749.2";"762.7";"0.5";"79";"Штиль, безветрие";"0";"";"";"40%.";" ";"";"";"";"19.5";"Слоисто-кучевых, слоистых, кучевых или кучево-дождевых облаков нет.";"40%.";"2500 или более, или облаков нет.";"Высококучевые просвечивающие, расположенные на одном уровне.";"Перистых, перисто-кучевых или перисто-слоистых нет.";"20.0";"8.6";"Осадков нет";"12";"";"";"";"";
"25.08.2023 18:00";"17.2";"748.7";"761.9";"0.2";"54";"Штиль, безветрие";"0";"";"";"50%.";" ";"";"";"";"";"Слоисто-кучевых, слоистых, кучевых или кучево-дождевых облаков нет.";"50%.";"2500 или более, или облаков нет.";"Высококучевые башенкообразные или хлопьевидные.";"Перистых, перисто-кучевых или перисто-слоистых нет.";"20.0";"7.8";"Осадков нет";"12";"";"";"";"";
"25.08.2023 15:00";"18.6";"748.5";"761.7";"-0.4";"43";"Штиль, безветрие";"0";"";"";"60%.";" ";"";"";"";"";"Кучевые и слоисто-кучевые (но не слоисто-кучевые, образовавшиеся из кучевых), основания расположены на разных уровнях.";"40%.";"600-1000";"Высококучевые просвечивающие, расположенные на одном уровне.";"Перистых, перисто-кучевых или перисто-слоистых нет.";"20.0";"5.6";"";"";"";"";"";"";
"25.08.2023 12:00";"18.3";"748.9";"762.1";"0.2";"47";"Ветер, дующий с запада";"1";"";"";"70 – 80%.";" ";"";"";"";"";"Кучевые и слоисто-кучевые (но не слоисто-кучевые, образовавшиеся из кучевых), основания расположены на разных уровнях.";"50%.";"600-1000";"Высококучевые просвечивающие, расположенные на одном уровне.";"Перистых, перисто-кучевых или перисто-слоистых нет.";"20.0";"6.7";"";"";"";"";"";"";
"25.08.2023 09:00";"15.4";"748.7";"762.1";"0.6";"67";"Штиль, безветрие";"0";"";"";"20–30%.";" ";"";"";"8.5";"";"Слоисто-кучевых, слоистых, кучевых или кучево-дождевых облаков нет.";"Облаков нет.";"2500 или более, или облаков нет.";"Высококучевых, высокослоистых или слоисто-дождевых облаков нет.";"Перистые нитевидные, иногда когтевидные, не распространяющиеся по небу.";"20.0";"9.3";"Осадков нет";"12";"Поверхность почвы влажная.";"10.0";"";"";
"25.08.2023 06:00";"8.9";"748.1";"761.8";"0.2";"97";"Штиль, безветрие";"0";"";"";"Облаков нет.";" ";"";"";"8.5";"";"";"";"";"";"";"19.0";"8.5";"Осадков нет";"12";"";"";"";"";
"25.08.2023 03:00";"9.4";"747.9";"761.5";"0.3";"96";"Штиль, безветрие";"0";"";"";"Облаков нет.";" ";"";"";"";"";"";"";"";"";"";"20.0";"8.8";"";"";"";"";"";"";
"25.08.2023 00:00";"11.0";"747.6";"761.1";"0.5";"92";"Штиль, безветрие";"0";"";"";"40%.";" ";"";"";"";"";"Слоисто-кучевых, слоистых, кучевых или кучево-дождевых облаков нет.";"40%.";"2500 или более, или облаков нет.";"Высококучевые просвечивающие, расположенные на одном уровне.";"Перистых, перисто-кучевых или перисто-слоистых нет.";"20.0";"9.7";"";"";"";"";"";"";
"24.08.2023 21:00";"14.3";"747.1";"760.5";"0.4";"80";"Штиль, безветрие";"0";"";"";"90  или более, но не 100%";" ";"";"";"";"16.4";"Слоисто-кучевых, слоистых, кучевых или кучево-дождевых облаков нет.";"90  или более, но не 100%";"2000-2500";"Высококучевые просвечивающие, расположенные на одном уровне.";"Перистых, перисто-кучевых или перисто-слоистых нет.";"20.0";"10.8";"Осадков нет";"12";"";"";"";"";
"24.08.2023 18:00";"16.4";"746.7";"760.0";"0.0";"66";"Ветер, дующий с севера";"1";"";"";"90  или более, но не 100%";" ";"";"";"";"";"Слоисто-кучевые, образовавшиеся не из кучевых.";"70 – 80%.";"600-1000";"Высококучевые просвечивающие, расположенные на одном уровне.";"Перистых, перисто-кучевых или перисто-слоистых нет.";"20.0";"9.9";"Осадков нет";"12";"";"";"";"";
"24.08.2023 15:00";"16.1";"746.7";"759.9";"0.3";"70";"Ветер, дующий с северо-северо-востока";"1";"";"";"100%.";" ";"";"";"";"";"Слоисто-кучевые, образовавшиеся не из кучевых.";"100%.";"600-1000";"";"";"20.0";"10.6";"";"";"";"";"";"";
"24.08.2023 12:00";"14.3";"746.4";"759.7";"0.6";"83";"Ветер, дующий с востоко-северо-востока";"1";"";"";"100%.";" ";"";"";"";"";"Слоистые разорванные или кучевые разорванные облака плохой погоды, либо те и другие вместе (разорванно-дождевые); обычно расположены под слоистыми или слоисто-дождевыми облаками.";"100%.";"300-600";"";"";"20.0";"11.4";"";"";"";"";"";"";
"24.08.2023 09:00";"13.6";"745.8";"759.1";"0.5";"90";"Ветер, дующий с востоко-северо-востока";"1";"";"";"100%.";" ";"";"";"13.1";"";"Слоистые туманообразные или слоистые разорванные, либо те и другие, но не относящиеся к облакам плохой погоды.";"100%.";"200-300";"";"";"20.0";"12.0";"Осадков нет";"12";"Поверхность почвы сырая (вода застаивается на поверхности и образует малые или большие лужи).";"14.0";"";"";
"24.08.2023 06:00";"14.3";"745.3";"758.6";"0.3";"91";"Ветер, дующий с северо-северо-запада";"2";"";"";"100%.";" ";"";"";"13.1";"";"Слоистые туманообразные или слоистые разорванные, либо те и другие, но не относящиеся к облакам плохой погоды.";"100%.";"200-300";"";"";"20.0";"12.8";"Осадков нет";"12";"";"";"";"";
"24.08.2023 03:00";"13.9";"745.0";"758.3";"0.4";"97";"Ветер, дующий с северо-северо-запада";"1";"";"";"100%.";" ";"";"";"";"";"Слоистые разорванные или кучевые разорванные облака плохой погоды, либо те и другие вместе (разорванно-дождевые); обычно расположены под слоистыми или слоисто-дождевыми облаками.";"100%.";"100-200";"";"";"11.0";"13.4";"";"";"";"";"";"";
"24.08.2023 00:00";"13.6";"744.6";"757.9";"0.1";"96";"Штиль, безветрие";"0";"";"";"70 – 80%.";" ";"";"";"";"";"Слоисто-кучевых, слоистых, кучевых или кучево-дождевых облаков нет.";"70 – 80%.";"2500 или более, или облаков нет.";"Высококучевые просвечивающие, расположенные на одном уровне.";"Перистых, перисто-кучевых или перисто-слоистых нет.";"20.0";"12.9";"";"";"";"";"";"";
"23.08.2023 21:00";"14.6";"744.5";"757.8";"0.7";"95";"Штиль, безветрие";"0";"";"";"100%.";" ";"";"";"";"18.7";"Слоисто-кучевые, образовавшиеся не из кучевых.";"60%.";"1000-1500";"Высококучевые просвечивающие, полосами, либо один или несколько слоев высококучевых просвечивающих, распространяющихся по небу; эти высококучевые в целом уплотняются.";"";"20.0";"13.8";"4.0";"12";"";"";"";"";
"23.08.2023 18:00";"18.6";"743.8";"757.0";"0.2";"71";"Ветер, дующий с северо-запада";"2";"";"";"90  или более, но не 100%";" ";"";"";"";"";"Кучевые и слоисто-кучевые (но не слоисто-кучевые, образовавшиеся из кучевых), основания расположены на разных уровнях.";"70 – 80%.";"600-1000";"Высококучевых, высокослоистых или слоисто-дождевых облаков нет.";"Перистые нитевидные, иногда когтевидные, не распространяющиеся по небу.";"20.0";"13.3";"4.0";"12";"";"";"";"";
"23.08.2023 15:00";"16.5";"743.6";"756.8";"-0.1";"91";"Штиль, безветрие";"0";"";"";"90  или более, но не 100%";"Ливневый(ые) дождь(и). ";"Ливень (ливни).";"Облака покрывали более половины неба в течение всего соответствующего периода.";"";"";"Кучевые и слоисто-кучевые (но не слоисто-кучевые, образовавшиеся из кучевых), основания расположены на разных уровнях.";"70 – 80%.";"600-1000";"Высококучевых, высокослоистых или слоисто-дождевых облаков нет.";"Перистые плотные в виде клочьев или скрученных склонов, количество которых обычно не увеличивается, иногда могут казаться остатками верхней части кучево-дождевых; или перистые башенкообразные, или перистые хлопьевидные.";"20.0";"15.0";"";"";"";"";"";"";
"23.08.2023 12:00";"16.5";"743.7";"756.9";"0.0";"92";"Ветер, дующий с запада";"1";"";"";"100%.";"Ливневый(ые) дождь(и). ";"Ливень (ливни).";"Облака покрывали более половины неба в течение всего соответствующего периода.";"";"";"Кучевые и слоисто-кучевые (но не слоисто-кучевые, образовавшиеся из кучевых), основания расположены на разных уровнях.";"100%.";"600-1000";"";"";"20.0";"15.1";"";"";"";"";"";"";
"23.08.2023 09:00";"18.4";"743.7";"756.7";"-0.3";"72";"Ветер, дующий с юго-запада";"1";"";"";"90  или более, но не 100%";" ";"";"";"12.4";"";"Слоисто-кучевые, образовавшиеся не из кучевых.";"60%.";"1000-1500";"Высококучевые просвечивающие, расположенные на одном уровне.";"Перистые нитевидные, иногда когтевидные, не распространяющиеся по небу.";"20.0";"13.2";"Осадков нет";"12";"Поверхность почвы сырая (вода застаивается на поверхности и образует малые или большие лужи).";"13.0";"";"";
"23.08.2023 06:00";"12.8";"744.0";"757.3";"-0.2";"98";"Штиль, безветрие";"0";"";"";"60%.";" ";"";"";"12.4";"";"Слоисто-кучевые, образовавшиеся не из кучевых.";"20–30%.";"600-1000";"Высококучевые просвечивающие, расположенные на одном уровне.";"Перистые нитевидные, иногда когтевидные, не распространяющиеся по небу.";"15.0";"12.5";"Осадков нет";"12";"";"";"";"";
"23.08.2023 03:00";"13.1";"744.2";"757.6";"-0.5";"96";"Штиль, безветрие";"0";"";"";"Облаков нет.";" ";"";"";"";"";"";"";"";"";"";"17.0";"12.5";"";"";"";"";"";"";
"23.08.2023 00:00";"14.3";"744.7";"757.9";"-0.1";"93";"Штиль, безветрие";"0";"";"";"20–30%.";" ";"";"";"";"";"Слоисто-кучевых, слоистых, кучевых или кучево-дождевых облаков нет.";"20–30%.";"2500 или более, или облаков нет.";"Высококучевые просвечивающие, расположенные на одном уровне.";"Перистых, перисто-кучевых или перисто-слоистых нет.";"20.0";"13.1";"";"";"";"";"";"";
"22.08.2023 21:00";"15.4";"744.8";"758.0";"0.2";"86";"Штиль, безветрие";"0";"";"";"60%.";" ";"";"";"";"20.1";"Слоисто-кучевые, образовавшиеся не из кучевых.";"20–30%.";"1000-1500";"Высококучевые просвечивающие, расположенные на одном уровне.";"Перистых, перисто-кучевых или перисто-слоистых нет.";"20.0";"13.1";"Осадков нет";"12";"";"";"";"";
"22.08.2023 18:00";"19.1";"744.6";"757.6";"-0.1";"60";"Штиль, безветрие";"0";"";"";"70 – 80%.";" ";"";"";"";"";"Слоисто-кучевые, образовавшиеся не из кучевых.";"50%.";"1000-1500";"Высококучевые просвечивающие, расположенные на одном уровне.";"Перистых, перисто-кучевых или перисто-слоистых нет.";"20.0";"11.1";"Осадков нет";"12";"";"";"";"";
"22.08.2023 15:00";"18.7";"744.7";"757.8";"0.2";"61";"Ветер, дующий с западо-юго-запада";"1";"";"";"90  или более, но не 100%";" ";"";"";"";"";"Кучевые и слоисто-кучевые (но не слоисто-кучевые, образовавшиеся из кучевых), основания расположены на разных уровнях.";"70 – 80%.";"1000-1500";"Высококучевые просвечивающие, расположенные на одном уровне.";"Перистых, перисто-кучевых или перисто-слоистых нет.";"20.0";"10.9";"";"";"";"";"";"";
"22.08.2023 12:00";"19.4";"744.5";"757.6";"-0.8";"62";"Ветер, дующий с юго-юго-запада";"1";"";"";"90  или более, но не 100%";" ";"";"";"";"";"Кучевые и слоисто-кучевые (но не слоисто-кучевые, образовавшиеся из кучевых), основания расположены на разных уровнях.";"70 – 80%.";"1000-1500";"Высококучевые просвечивающие, расположенные на одном уровне.";"Перистых, перисто-кучевых или перисто-слоистых нет.";"20.0";"11.8";"";"";"";"";"";"";
"22.08.2023 09:00";"18.2";"745.3";"758.4";"-0.7";"65";"Штиль, безветрие";"0";"";"";"70 – 80%.";" ";"";"";"12.1";"";"Слоисто-кучевые, образовавшиеся не из кучевых.";"50%.";"1000-1500";"Высококучевые просвечивающие, расположенные на одном уровне.";"Перистых, перисто-кучевых или перисто-слоистых нет.";"20.0";"11.5";"Осадков нет";"12";"Поверхность почвы сырая (вода застаивается на поверхности и образует малые или большие лужи).";"14.0";"";"";
"22.08.2023 06:00";"12.4";"746.0";"759.4";"-0.8";"92";"Штиль, безветрие";"0";"";"";"70 – 80%.";" ";"";"";"12.1";"";"Слоисто-кучевых, слоистых, кучевых или кучево-дождевых облаков нет.";"70 – 80%.";"2500 или более, или облаков нет.";"Высококучевые, просвечивающие или плотные в двух или более слоях или высококучевые плотные в одном слое, не распространяющиеся но небу, либо высококучевые с высокослоистыми или слоисто-дождевыми.";"Перистых, перисто-кучевых или перисто-слоистых нет.";"20.0";"11.2";"Осадков нет";"12";"";"";"";"";
"22.08.2023 03:00";"13.0";"746.8";"760.3";"-0.9";"91";"Штиль, безветрие";"0";"";"";"60%.";" ";"";"";"";"";"Слоисто-кучевых, слоистых, кучевых или кучево-дождевых облаков нет.";"60%.";"2500 или более, или облаков нет.";"Высококучевые, просвечивающие или плотные в двух или более слоях или высококучевые плотные в одном слое, не распространяющиеся но небу, либо высококучевые с высокослоистыми или слоисто-дождевыми.";"Перистых, перисто-кучевых или перисто-слоистых нет.";"17.0";"11.6";"";"";"";"";"";"";
"22.08.2023 00:00";"14.3";"747.7";"761.1";"-0.4";"86";"Штиль, безветрие";"0";"";"";"70 – 80%.";" ";"";"";"";"";"Слоисто-кучевых, слоистых, кучевых или кучево-дождевых облаков нет.";"70 – 80%.";"2500 или более, или облаков нет.";"Высококучевые, просвечивающие или плотные в двух или более слоях или высококучевые плотные в одном слое, не распространяющиеся но небу, либо высококучевые с высокослоистыми или слоисто-дождевыми.";"Перистых, перисто-кучевых или перисто-слоистых нет.";"20.0";"12.0";"";"";"";"";"";"";
"21.08.2023 21:00";"15.5";"748.1";"761.4";"-0.1";"77";"Штиль, безветрие";"0";"";"";"50%.";" ";"";"";"";"21.9";"Слоисто-кучевых, слоистых, кучевых или кучево-дождевых облаков нет.";"20–30%.";"2500 или более, или облаков нет.";"Высококучевые просвечивающие, расположенные на одном уровне.";"Перистые (часто в виде полос) и перисто-слоистые, распространяющиеся по небу и в целом обычно уплотняющиеся, но сплошная пелена поднимается над горизонтом менее чем на 45°.";"20.0";"11.4";"Осадков нет";"12";"";"";"";"";
"21.08.2023 18:00";"21.0";"748.2";"761.2";"-0.7";"42";"Ветер, дующий с севера";"1";"";"";"20–30%.";" ";"";"";"";"";"Слоисто-кучевые, образовавшиеся из кучевых.";"20–30%.";"1000-1500";"Высококучевых, высокослоистых или слоисто-дождевых облаков нет.";"Перистых, перисто-кучевых или перисто-слоистых нет.";"20.0";"7.5";"Осадков нет";"12";"";"";"";"";
"21.08.2023 15:00";"21.3";"748.9";"762.0";"-0.9";"43";"Ветер, дующий с северо-северо-востока";"2";"";"";"40%.";" ";"";"";"";"";"Кучевые плоские или кучевые разорванные, или те и другие вместе, не относящиеся к облакам плохой погоды.";"40%.";"1000-1500";"Высококучевых, высокослоистых или слоисто-дождевых облаков нет.";"Перистых, перисто-кучевых или перисто-слоистых нет.";"20.0";"8.3";"";"";"";"";"";"";
"21.08.2023 12:00";"19.1";"749.8";"762.9";"-0.2";"55";"Ветер, дующий с северо-северо-востока";"1";"";"";"50%.";" ";"";"";"";"";"Кучевые плоские или кучевые разорванные, или те и другие вместе, не относящиеся к облакам плохой погоды.";"50%.";"1000-1500";"Высококучевых, высокослоистых или слоисто-дождевых облаков нет.";"Перистых, перисто-кучевых или перисто-слоистых нет.";"20.0";"9.8";"";"";"";"";"";"";
"21.08.2023 09:00";"17.2";"750.0";"763.3";"0.1";"68";"Ветер, дующий с северо-северо-востока";"2";"";"";"20–30%.";" ";"";"";"13.2";"";"Кучевые плоские или кучевые разорванные, или те и другие вместе, не относящиеся к облакам плохой погоды.";"20–30%.";"1000-1500";"Высококучевых, высокослоистых или слоисто-дождевых облаков нет.";"Перистых, перисто-кучевых или перисто-слоистых нет.";"20.0";"11.3";"Осадков нет";"12";"Поверхность почвы сырая (вода застаивается на поверхности и образует малые или большие лужи).";"15.0";"";"";
"21.08.2023 06:00";"13.3";"749.9";"763.4";"0.2";"90";"Ветер, дующий с севера";"1";"";"";"Облаков нет.";" ";"";"";"13.2";"";"";"";"";"";"";"20.0";"11.7";"0.4";"12";"";"";"";"";
"21.08.2023 03:00";"15.0";"749.7";"763.0";"-0.2";"83";"Ветер, дующий с севера";"2";"";"";"70 – 80%.";" ";"";"";"";"";"Слоисто-кучевые, образовавшиеся не из кучевых.";"70 – 80%.";"300-600";"Высококучевых, высокослоистых или слоисто-дождевых облаков нет.";"Перистых, перисто-кучевых или перисто-слоистых нет.";"20.0";"12.1";"";"";"";"";"";"";
"21.08.2023 00:00";"16.2";"749.9";"763.2";"0.2";"85";"Ветер, дующий с северо-северо-востока";"2";"";"";"100%.";" ";"";"";"";"";"Слоистые разорванные или кучевые разорванные облака плохой погоды, либо те и другие вместе (разорванно-дождевые); обычно расположены под слоистыми или слоисто-дождевыми облаками.";"100%.";"300-600";"";"";"20.0";"13.6";"";"";"";"";"";"";
"20.08.2023 21:00";"18.1";"749.7";"762.9";"0.9";"88";"Ветер, дующий с севера";"2";"";"";"70 – 80%.";"Состояние неба в общем не изменилось. ";"Гроза (грозы) с осадками или без них.";"Ливень (ливни).";"";"26.5";"Слоисто-кучевые, образовавшиеся не из кучевых.";"70 – 80%.";"600-1000";"Высококучевых, высокослоистых или слоисто-дождевых облаков нет.";"Перистых, перисто-кучевых или перисто-слоистых нет.";"20.0";"16.0";"43.0";"12";"";"";"";"";
"20.08.2023 18:00";"20.6";"748.8";"761.8";"-0.1";"98";"Штиль, безветрие";"0";"";"";"90  или более, но не 100%";"Дымка. ";"Гроза (грозы) с осадками или без них.";"Ливень (ливни).";"";"";"Кучево-дождевые волокнистые (часто с наковальней), либо с кучево-дождевыми лысыми, кучевыми, слоистыми, разорванно-дождевыми, либо без них.";"50%.";"600-1000";"Высококучевые просвечивающие, расположенные на одном уровне.";"Перистые плотные, образовавшиеся от кучево-дождевых.";"7.0";"20.2";"45.0";"12";"";"";"";"";
"20.08.2023 15:00";"25.6";"748.9";"761.7";"-1.3";"65";"Штиль, безветрие";"0";"";"";"90  или более, но не 100%";"Гроза, но без осадков, в срок наблюдения. ";"Облака покрывали более половины неба в течение одной части соответствующего периода и половину или менее в течение другой части периода.";"Облака покрывали более половины неба в течение одной части соответствующего периода и половину или менее в течение другой части периода.";"";"";"Кучево-дождевые волокнистые (часто с наковальней), либо с кучево-дождевыми лысыми, кучевыми, слоистыми, разорванно-дождевыми, либо без них.";"70 – 80%.";"1000-1500";"Высококучевые просвечивающие, расположенные на одном уровне.";"Перистые плотные, образовавшиеся от кучево-дождевых.";"19.0";"18.4";"";"";"";"";"";"";
"20.08.2023 12:00";"24.8";"750.2";"763.0";"-0.8";"69";"Ветер, дующий с западо-северо-запада";"1";"";"";"40%.";" ";"";"";"";"";"Кучевые плоские или кучевые разорванные, или те и другие вместе, не относящиеся к облакам плохой погоды.";"10%  или менее, но не 0";"600-1000";"Высококучевые просвечивающие, расположенные на одном уровне.";"Перистые нитевидные, иногда когтевидные, не распространяющиеся по небу.";"20.0";"18.6";"";"";"";"";"";"";
"20.08.2023 09:00";"20.5";"751.0";"764.2";"-0.7";"90";"Штиль, безветрие";"0";"";"";"100%.";"Дымка. ";"Гроза (грозы) с осадками или без них.";"Ливень (ливни).";"18.0";"";"Кучевые плоские или кучевые разорванные, или те и другие вместе, не относящиеся к облакам плохой погоды.";"50%.";"600-1000";"Высококучевые просвечивающие, полосами, либо один или несколько слоев высококучевых просвечивающих, распространяющихся по небу; эти высококучевые в целом уплотняются.";"";"13.0";"18.8";"4.0";"12";"Поверхность почвы влажная.";"18.0";"";"";
"20.08.2023 06:00";"18.6";"751.7";"764.9";"-0.7";"98";"Ветер, дующий с северо-запада";"1";"";"";"100%.";"Ливневый(ые) дождь(и). ";"Ливень (ливни).";"Облака покрывали более половины неба в течение всего соответствующего периода.";"18.0";"";"Кучево-дождевые лысые с кучевыми, слоисто-кучевыми или слоистыми, либо без них.";"70 – 80%.";"600-1000";"Высококучевые просвечивающие, полосами, либо один или несколько слоев высококучевых просвечивающих, распространяющихся по небу; эти высококучевые в целом уплотняются.";"";"7.0";"18.2";"2.0";"12";"";"";"";"";
"20.08.2023 03:00";"19.0";"752.4";"765.5";"-0.7";"92";"Штиль, безветрие";"0";"";"";"100%.";" ";"";"";"";"";"Слоисто-кучевых, слоистых, кучевых или кучево-дождевых облаков нет.";"100%.";"2500 или более, или облаков нет.";"Высококучевые просвечивающие, полосами, либо один или несколько слоев высококучевых просвечивающих, распространяющихся по небу; эти высококучевые в целом уплотняются.";"";"19.0";"17.7";"";"";"";"";"";"";
"20.08.2023 00:00";"21.1";"753.1";"766.2";"-0.9";"79";"Штиль, безветрие";"0";"";"";"90  или более, но не 100%";" ";"";"";"";"";"Слоисто-кучевых, слоистых, кучевых или кучево-дождевых облаков нет.";"90  или более, но не 100%";"2500 или более, или облаков нет.";"Высококучевые просвечивающие, расположенные на одном уровне.";"Перистых, перисто-кучевых или перисто-слоистых нет.";"15.0";"17.3";"";"";"";"";"";"";
"19.08.2023 21:00";"22.7";"754.0";"767.1";"0.0";"69";"Ветер, дующий с северо-северо-запада";"1";"";"";"70 – 80%.";" ";"";"";"";"27.6";"Слоисто-кучевые, образовавшиеся из кучевых.";"60%.";"1000-1500";"Высококучевые башенкообразные или хлопьевидные.";"Перистых, перисто-кучевых или перисто-слоистых нет.";"20.0";"16.6";"Осадков нет";"12";"";"";"";"";
"19.08.2023 18:00";"26.5";"754.0";"766.9";"-0.6";"52";"Ветер, дующий с северо-северо-запада";"1";"";"";"20–30%.";" ";"";"";"";"";"Кучевые средние или мощные или вместе с кучевыми разорванными, или с кучевыми плоскими, или со слоисто-кучевыми, либо без них; основания всех этих облаков расположены на одном уровне.";"20–30%.";"1000-1500";"Высококучевых, высокослоистых или слоисто-дождевых облаков нет.";"Перистых, перисто-кучевых или перисто-слоистых нет.";"20.0";"15.7";"Осадков нет";"12";"";"";"";"";
"19.08.2023 15:00";"27.2";"754.6";"767.5";"-0.9";"49";"Ветер, дующий с северо-северо-запада";"2";"";"";"70 – 80%.";" ";"";"";"";"";"Кучевые средние или мощные или вместе с кучевыми разорванными, или с кучевыми плоскими, или со слоисто-кучевыми, либо без них; основания всех этих облаков расположены на одном уровне.";"70 – 80%.";"1500-2000";"Высококучевых, высокослоистых или слоисто-дождевых облаков нет.";"Перистых, перисто-кучевых или перисто-слоистых нет.";"20.0";"15.7";"";"";"";"";"";"";
"19.08.2023 12:00";"25.9";"755.5";"768.4";"0.0";"62";"Ветер, дующий с севера";"1";"";"";"90  или более, но не 100%";" ";"";"";"";"";"Кучевые средние или мощные или вместе с кучевыми разорванными, или с кучевыми плоскими, или со слоисто-кучевыми, либо без них; основания всех этих облаков расположены на одном уровне.";"90  или более, но не 100%";"1500-2000";"Высококучевых, высокослоистых или слоисто-дождевых облаков нет.";"Перистых, перисто-кучевых или перисто-слоистых нет.";"19.0";"18.0";"";"";"";"";"";"";
"19.08.2023 09:00";"22.4";"755.5";"768.7";"-0.1";"78";"Ветер, дующий с северо-северо-востока";"1";"";"";"20–30%.";" ";"";"";"17.5";"";"Слоисто-кучевые, образовавшиеся не из кучевых.";"20–30%.";"1000-1500";"Высококучевых, высокослоистых или слоисто-дождевых облаков нет.";"Перистых, перисто-кучевых или перисто-слоистых нет.";"19.0";"18.3";"Осадков нет";"12";"Поверхность почвы влажная.";"17.0";"";"";
"19.08.2023 06:00";"17.7";"755.6";"769.0";"-0.1";"98";"Штиль, безветрие";"0";"";"";"20–30%.";"Дымка. ";"Облака покрывали половину неба или менее в течение всего соответствующего периода.";"Облака покрывали половину неба или менее в течение всего соответствующего периода.";"17.5";"";"Слоисто-кучевые, образовавшиеся не из кучевых.";"20–30%.";"1000-1500";"Высококучевых, высокослоистых или слоисто-дождевых облаков нет.";"Перистых, перисто-кучевых или перисто-слоистых нет.";"9.0";"17.4";"Осадков нет";"12";"";"";"";"";
"19.08.2023 03:00";"18.7";"755.7";"768.9";"0.2";"98";"Штиль, безветрие";"0";"";"";"Облаков нет.";"Дымка. ";"Облака покрывали более половины неба в течение одной части соответствующего периода и половину или менее в течение другой части периода.";"Облака покрывали более половины неба в течение одной части соответствующего периода и половину или менее в течение другой части периода.";"";"";"";"";"";"";"";"6.0";"18.4";"";"";"";"";"";"";
"19.08.2023 00:00";"19.9";"755.5";"768.7";"0.0";"96";"Штиль, безветрие";"0";"";"";"Облаков нет.";"Дымка. ";"Облака покрывали более половины неба в течение одной части соответствующего периода и половину или менее в течение другой части периода.";"Облака покрывали более половины неба в течение одной части соответствующего периода и половину или менее в течение другой части периода.";"";"";"";"";"";"";"";"9.0";"19.3";"";"";"";"";"";"";
"18.08.2023 21:00";"20.4";"755.5";"768.6";"0.4";"94";"Штиль, безветрие";"0";"";"";"60%.";"Состояние неба в общем не изменилось. ";"Ливень (ливни).";"Облака покрывали более половины неба в течение всего соответствующего периода.";"";"26.9";"Слоисто-кучевые, образовавшиеся не из кучевых.";"20–30%.";"1000-1500";"Высококучевых, высокослоистых или слоисто-дождевых облаков нет.";"Перистые нитевидные, иногда когтевидные, не распространяющиеся по небу.";"13.0";"19.4";"0.8";"12";"";"";"";"";
"18.08.2023 18:00";"24.3";"755.1";"768.1";"0.2";"71";"Ветер, дующий с северо-запада";"1";"";"";"70 – 80%.";"Состояние неба в общем не изменилось. ";"Ливень (ливни).";"Облака покрывали более половины неба в течение всего соответствующего периода.";"";"";"Слоисто-кучевые, образовавшиеся не из кучевых.";"20–30%.";"1000-1500";"Высококучевые просвечивающие, расположенные на одном уровне.";"Перистые нитевидные, иногда когтевидные, не распространяющиеся по небу.";"20.0";"18.6";"0.8";"12";"";"";"";"";
"18.08.2023 15:00";"22.9";"754.9";"767.9";"-0.2";"90";"Штиль, безветрие";"0";"";"";"100%.";"Ливневый(ые) дождь(и) слабый(ые) в срок наблюдения или за последний час. ";"Ливень (ливни).";"Облака покрывали более половины неба в течение всего соответствующего периода.";"";"";"Кучево-дождевые волокнистые (часто с наковальней), либо с кучево-дождевыми лысыми, кучевыми, слоистыми, разорванно-дождевыми, либо без них.";"60%.";"600-1000";"Высококучевые, просвечивающие или плотные в двух или более слоях или высококучевые плотные в одном слое, не распространяющиеся но небу, либо высококучевые с высокослоистыми или слоисто-дождевыми.";"";"15.0";"21.2";"";"";"";"";"";"";
"18.08.2023 12:00";"26.4";"755.1";"768.0";"0.4";"56";"Ветер, дующий с северо-северо-востока";"1";"";"";"90  или более, но не 100%";" ";"";"";"";"";"Слоисто-кучевые, образовавшиеся не из кучевых.";"60%.";"1000-1500";"Высококучевые просвечивающие, расположенные на одном уровне.";"Перистые (часто в виде полос) и перисто-слоистые, распространяющиеся по небу и в целом обычно уплотняющиеся, но сплошная пелена поднимается над горизонтом менее чем на 45°.";"20.0";"16.9";"";"";"";"";"";"";
"18.08.2023 09:00";"22.2";"754.7";"767.8";"0.0";"75";"Штиль, безветрие";"0";"";"";"90  или более, но не 100%";"Ливневый(ые) дождь(и). ";"Облака покрывали более половины неба в течение одной части соответствующего периода и половину или менее в течение другой части периода.";"Облака покрывали более половины неба в течение одной части соответствующего периода и половину или менее в течение другой части периода.";"16.8";"";"Слоисто-кучевые, образовавшиеся не из кучевых.";"20–30%.";"1000-1500";"Высококучевые просвечивающие, расположенные на одном уровне.";"Перистые (часто в виде полос) и перисто-слоистые, распространяющиеся по небу и в целом обычно уплотняющиеся, но сплошная пелена поднимается над горизонтом менее чем на 45°.";"20.0";"17.5";"Следы осадков";"12";"Поверхность почвы влажная.";"17.0";"";"";
"18.08.2023 06:00";"17.1";"754.7";"768.1";"0.1";"92";"Штиль, безветрие";"0";"";"";"20–30%.";" ";"";"";"16.8";"";"Слоисто-кучевых, слоистых, кучевых или кучево-дождевых облаков нет.";"20–30%.";"2500 или более, или облаков нет.";"Высококучевые башенкообразные или хлопьевидные.";"Перистых, перисто-кучевых или перисто-слоистых нет.";"20.0";"15.8";"Осадков нет";"12";"";"";"";"";
"18.08.2023 03:00";"16.8";"754.6";"767.9";"0.4";"90";"Штиль, безветрие";"0";"";"";"20–30%.";" ";"";"";"";"";"Слоисто-кучевых, слоистых, кучевых или кучево-дождевых облаков нет.";"Облаков нет.";"2500 или более, или облаков нет.";"Высококучевых, высокослоистых или слоисто-дождевых облаков нет.";"Перисто-кучевые одни или перисто-кучевые, сопровождаемые перистыми или перисто-слоистыми, либо те и другие, но перисто-кучевые преобладают среди них.";"20.0";"15.1";"";"";"";"";"";"";
"18.08.2023 00:00";"18.3";"754.2";"767.4";"0.2";"85";"Штиль, безветрие";"0";"";"";"Облаков нет.";" ";"";"";"";"";"";"";"";"";"";"20.0";"15.8";"";"";"";"";"";"";
"17.08.2023 21:00";"20.6";"754.0";"767.2";"0.5";"76";"Штиль, безветрие";"0";"";"";"Облаков нет.";" ";"";"";"";"27.8";"";"";"";"";"";"20.0";"16.3";"Осадков нет";"12";"";"";"";"";
"17.08.2023 18:00";"27.2";"753.5";"766.4";"-0.5";"42";"Ветер, дующий с северо-северо-запада";"1";"";"";"Облаков нет.";" ";"";"";"";"";"";"";"";"";"";"20.0";"13.3";"Осадков нет";"12";"";"";"";"";
"17.08.2023 15:00";"27.1";"754.0";"766.8";"-0.6";"44";"Ветер, дующий с северо-северо-запада";"2";"";"";"Облаков нет.";" ";"";"";"";"";"";"";"";"";"";"20.0";"13.8";"";"";"";"";"";"";
"17.08.2023 12:00";"25.8";"754.6";"767.6";"-0.4";"47";"Ветер, дующий с севера";"2";"";"";"Облаков нет.";" ";"";"";"";"";"";"";"";"";"";"20.0";"13.5";"";"";"";"";"";"";
"17.08.2023 09:00";"23.0";"755.0";"768.1";"0.2";"60";"Ветер, дующий с северо-северо-запада";"1";"";"";"Облаков нет.";" ";"";"";"14.8";"";"";"";"";"";"";"20.0";"14.8";"Осадков нет";"12";"Поверхность почвы влажная.";"14.0";"";"";
"17.08.2023 06:00";"15.1";"754.8";"768.2";"0.3";"97";"Штиль, безветрие";"0";"";"";"Облаков нет.";" ";"";"";"14.8";"";"";"";"";"";"";"16.0";"14.7";"Осадков нет";"12";"";"";"";"";
"17.08.2023 03:00";"15.4";"754.5";"767.9";"0.0";"96";"Штиль, безветрие";"0";"";"";"Облаков нет.";" ";"";"";"";"";"";"";"";"";"";"20.0";"14.7";"";"";"";"";"";"";
"17.08.2023 00:00";"16.6";"754.5";"767.8";"0.2";"90";"Штиль, безветрие";"0";"";"";"Облаков нет.";" ";"";"";"";"";"";"";"";"";"";"20.0";"14.9";"";"";"";"";"";"";
"16.08.2023 21:00";"19.5";"754.3";"767.5";"0.3";"79";"Штиль, безветрие";"0";"";"";"Облаков нет.";" ";"";"";"";"26.3";"";"";"";"";"";"20.0";"15.7";"Осадков нет";"12";"";"";"";"";
"16.08.2023 18:00";"25.0";"754.0";"766.9";"-0.5";"47";"Ветер, дующий с северо-запада";"1";"";"";"10%  или менее, но не 0";" ";"";"";"";"";"Слоисто-кучевые, образовавшиеся не из кучевых.";"10%  или менее, но не 0";"1500-2000";"Высококучевых, высокослоистых или слоисто-дождевых облаков нет.";"Перистых, перисто-кучевых или перисто-слоистых нет.";"20.0";"12.9";"Осадков нет";"12";"";"";"";"";
"16.08.2023 15:00";"25.6";"754.5";"767.5";"-0.6";"48";"Ветер, дующий с северо-северо-востока";"2";"";"";"40%.";" ";"";"";"";"";"Кучевые средние или мощные или вместе с кучевыми разорванными, или с кучевыми плоскими, или со слоисто-кучевыми, либо без них; основания всех этих облаков расположены на одном уровне.";"40%.";"1000-1500";"Высококучевых, высокослоистых или слоисто-дождевых облаков нет.";"Перистых, перисто-кучевых или перисто-слоистых нет.";"20.0";"13.7";"";"";"";"";"";"";
"16.08.2023 12:00";"24.7";"755.1";"768.1";"-0.1";"49";"Ветер, дующий с северо-северо-запада";"2";"";"";"20–30%.";" ";"";"";"";"";"Кучевые плоские или кучевые разорванные, или те и другие вместе, не относящиеся к облакам плохой погоды.";"20–30%.";"1000-1500";"Высококучевых, высокослоистых или слоисто-дождевых облаков нет.";"Перистых, перисто-кучевых или перисто-слоистых нет.";"20.0";"13.3";"";"";"";"";"";"";
"16.08.2023 09:00";"22.0";"755.2";"768.3";"0.3";"65";"Ветер, дующий с северо-северо-запада";"1";"";"";"Облаков нет.";" ";"";"";"15.0";"";"";"";"";"";"";"20.0";"15.0";"Осадков нет";"12";"Поверхность почвы влажная.";"14.0";"";"";
"16.08.2023 06:00";"15.5";"754.9";"768.3";"0.6";"94";"Штиль, безветрие";"0";"";"";"Облаков нет.";" ";"";"";"15.0";"";"";"";"";"";"";"20.0";"14.6";"Осадков нет";"12";"";"";"";"";
"16.08.2023 03:00";"16.2";"754.3";"767.6";"0.6";"91";"Штиль, безветрие";"0";"";"";"Облаков нет.";" ";"";"";"";"";"";"";"";"";"";"20.0";"14.7";"";"";"";"";"";"";
"16.08.2023 00:00";"17.3";"753.7";"767.0";"0.3";"86";"Штиль, безветрие";"0";"";"";"Облаков нет.";" ";"";"";"";"";"";"";"";"";"";"20.0";"15.0";"";"";"";"";"";"";
"15.08.2023 21:00";"19.4";"753.4";"766.6";"0.8";"76";"Штиль, безветрие";"0";"";"";"Облаков нет.";" ";"";"";"";"25.6";"";"";"";"";"";"20.0";"15.1";"Осадков нет";"12";"";"";"";"";
"15.08.2023 18:00";"24.2";"752.6";"765.6";"0.4";"49";"Ветер, дующий с северо-запада";"2";"";"";"20–30%.";" ";"";"";"";"";"Кучевые средние или мощные или вместе с кучевыми разорванными, или с кучевыми плоскими, или со слоисто-кучевыми, либо без них; основания всех этих облаков расположены на одном уровне.";"20–30%.";"1000-1500";"Высококучевых, высокослоистых или слоисто-дождевых облаков нет.";"Перистых, перисто-кучевых или перисто-слоистых нет.";"20.0";"12.7";"Осадков нет";"12";"";"";"";"";
"15.08.2023 15:00";"25.4";"752.2";"765.2";"-0.1";"46";"Ветер, дующий с северо-запада";"3";"";"";"20–30%.";" ";"";"";"";"";"Кучевые средние или мощные или вместе с кучевыми разорванными, или с кучевыми плоскими, или со слоисто-кучевыми, либо без них; основания всех этих облаков расположены на одном уровне.";"20–30%.";"1000-1500";"Высококучевых, высокослоистых или слоисто-дождевых облаков нет.";"Перистых, перисто-кучевых или перисто-слоистых нет.";"20.0";"13.0";"";"";"";"";"";"";
"15.08.2023 12:00";"24.7";"752.3";"765.2";"0.1";"62";"Ветер, дующий с запада";"2";"";"";"90  или более, но не 100%";" ";"";"";"";"";"Кучевые средние или мощные или вместе с кучевыми разорванными, или с кучевыми плоскими, или со слоисто-кучевыми, либо без них; основания всех этих облаков расположены на одном уровне.";"70 – 80%.";"1000-1500";"Высококучевых, высокослоистых или слоисто-дождевых облаков нет.";"Перистые нитевидные, иногда когтевидные, не распространяющиеся по небу.";"20.0";"16.8";"";"";"";"";"";"";
"15.08.2023 09:00";"22.5";"752.2";"765.3";"0.3";"71";"Ветер, дующий с запада";"1";"";"";"20–30%.";" ";"";"";"15.6";"";"Слоисто-кучевых, слоистых, кучевых или кучево-дождевых облаков нет.";"20–30%.";"2500 или более, или облаков нет.";"Высококучевые башенкообразные или хлопьевидные.";"Перистых, перисто-кучевых или перисто-слоистых нет.";"20.0";"16.9";"Осадков нет";"12";"Поверхность почвы влажная.";"14.0";"";"";
"15.08.2023 06:00";"15.8";"751.9";"765.2";"0.2";"98";"Штиль, безветрие";"0";"";"";"Облаков нет.";"Дымка. ";"Облака покрывали половину неба или менее в течение всего соответствующего периода.";"Облака покрывали половину неба или менее в течение всего соответствующего периода.";"15.6";"";"";"";"";"";"";"11.0";"15.5";"Осадков нет";"12";"";"";"";"";
"15.08.2023 03:00";"16.7";"751.7";"765.0";"0.4";"98";"Штиль, безветрие";"0";"";"";"Облаков нет.";" ";"";"";"";"";"";"";"";"";"";"16.0";"16.3";"";"";"";"";"";"";
"15.08.2023 00:00";"17.9";"751.3";"764.5";"0.6";"96";"Штиль, безветрие";"0";"";"";"40%.";" ";"";"";"";"";"Слоисто-кучевых, слоистых, кучевых или кучево-дождевых облаков нет.";"Облаков нет.";"2500 или более, или облаков нет.";"Высококучевых, высокослоистых или слоисто-дождевых облаков нет.";"Перистые нитевидные, иногда когтевидные, не распространяющиеся по небу.";"17.0";"17.2";"";"";"";"";"";"";
"14.08.2023 21:00";"19.1";"750.7";"763.9";"0.7";"93";"Штиль, безветрие";"0";"";"";"70 – 80%.";" ";"";"";"";"22.2";"Слоисто-кучевых, слоистых, кучевых или кучево-дождевых облаков нет.";"40%.";"2500 или более, или облаков нет.";"Клочья (часто чечевицеобразные) высококучевых просвечивающих, непрерывно изменяющихся; расположены на одном или более уровнях.";"Перистые нитевидные, иногда когтевидные, не распространяющиеся по небу.";"19.0";"17.9";"0.6";"12";"";"";"";"";
"14.08.2023 18:00";"21.8";"750.0";"763.0";"0.1";"82";"Штиль, безветрие";"0";"";"";"90  или более, но не 100%";" ";"";"";"";"";"Кучевые средние или мощные или вместе с кучевыми разорванными, или с кучевыми плоскими, или со слоисто-кучевыми, либо без них; основания всех этих облаков расположены на одном уровне.";"60%.";"1000-1500";"Высококучевые просвечивающие, расположенные на одном уровне.";"Перистых, перисто-кучевых или перисто-слоистых нет.";"20.0";"18.5";"3.0";"12";"";"";"";"";
"14.08.2023 15:00";"20.9";"749.9";"763.0";"1.0";"82";"Ветер, дующий с западо-северо-запада";"1";"";"";"100%.";"Состояние неба в общем не изменилось. ";"Ливень (ливни).";"Облака покрывали более половины неба в течение всего соответствующего периода.";"";"";"Кучевые и слоисто-кучевые (но не слоисто-кучевые, образовавшиеся из кучевых), основания расположены на разных уровнях.";"100%.";"600-1000";"";"";"20.0";"17.6";"";"";"";"";"";"";
"14.08.2023 12:00";"19.7";"748.9";"762.0";"1.2";"88";"Ветер, дующий с северо-запада";"1";"";"";"100%.";"Состояние неба в общем не изменилось. ";"Ливень (ливни).";"Облака покрывали более половины неба в течение всего соответствующего периода.";"";"";"Слоистые разорванные или кучевые разорванные облака плохой погоды, либо те и другие вместе (разорванно-дождевые); обычно расположены под слоистыми или слоисто-дождевыми облаками.";"100%.";"300-600";"";"";"16.0";"17.7";"";"";"";"";"";"";
"14.08.2023 09:00";"18.2";"747.7";"760.9";"0.0";"95";"Ветер, дующий с запада";"1";"";"";"100%.";"Ливневый(ые) дождь(и) умеренный(ые) или сильный(ые) в срок наблюдения или за последний час. ";"Ливень (ливни).";"Облака покрывали более половины неба в течение всего соответствующего периода.";"17.8";"";"Кучево-дождевые волокнистые (часто с наковальней), либо с кучево-дождевыми лысыми, кучевыми, слоистыми, разорванно-дождевыми, либо без них.";"100%.";"300-600";"";"";"1.8";"17.3";"3.0";"12";"Поверхность почвы сырая (вода застаивается на поверхности и образует малые или большие лужи).";"18.0";"";"";
"14.08.2023 06:00";"17.8";"747.7";"760.8";"-0.2";"95";"Штиль, безветрие";"0";"";"";"100%.";"Ливневый(ые) дождь(и) слабый(ые) в срок наблюдения или за последний час. ";"Ливень (ливни).";"Облака покрывали более половины неба в течение всего соответствующего периода.";"17.8";"";"Кучево-дождевые волокнистые (часто с наковальней), либо с кучево-дождевыми лысыми, кучевыми, слоистыми, разорванно-дождевыми, либо без них.";"100%.";"200-300";"";"";"7.0";"17.0";"0.8";"12";"";"";"";"";
"14.08.2023 03:00";"18.4";"747.9";"761.0";"-0.2";"90";"Ветер, дующий с юго-востока";"1";"";"";"100%.";"Ливневый(ые) дождь(и) слабый(ые) в срок наблюдения или за последний час. ";"Ливень (ливни).";"Облака покрывали более половины неба в течение всего соответствующего периода.";"";"";"Кучево-дождевые волокнистые (часто с наковальней), либо с кучево-дождевыми лысыми, кучевыми, слоистыми, разорванно-дождевыми, либо без них.";"100%.";"200-300";"";"";"20.0";"16.8";"";"";"";"";"";"";
"14.08.2023 00:00";"18.4";"748.1";"761.2";"0.4";"91";"Штиль, безветрие";"0";"";"";"90  или более, но не 100%";" ";"";"";"";"";"Слоистые разорванные или кучевые разорванные облака плохой погоды, либо те и другие вместе (разорванно-дождевые); обычно расположены под слоистыми или слоисто-дождевыми облаками.";"90  или более, но не 100%";"300-600";"Высококучевых, высокослоистых или слоисто-дождевых облаков нет.";"Перистых, перисто-кучевых или перисто-слоистых нет.";"20.0";"16.9";"";"";"";"";"";"";
"13.08.2023 21:00";"18.1";"747.7";"760.8";"0.2";"95";"Ветер, дующий с юго-юго-востока";"1";"";"";"100%.";"Ливневый(ые) дождь(и) слабый(ые) в срок наблюдения или за последний час. ";"Ливень (ливни).";"Облака покрывали более половины неба в течение всего соответствующего периода.";"";"21.9";"Кучево-дождевые волокнистые (часто с наковальней), либо с кучево-дождевыми лысыми, кучевыми, слоистыми, разорванно-дождевыми, либо без них.";"100%.";"300-600";"";"";"9.0";"17.2";"1.0";"12";"";"";"";"";
"13.08.2023 18:00";"18.6";"747.5";"760.6";"-0.2";"89";"Ветер, дующий с юго-востока";"1";"";"";"100%.";"Ливневый(ые) дождь(и) слабый(ые) в срок наблюдения или за последний час. ";"Ливень (ливни).";"Облака покрывали более половины неба в течение всего соответствующего периода.";"";"";"Кучево-дождевые волокнистые (часто с наковальней), либо с кучево-дождевыми лысыми, кучевыми, слоистыми, разорванно-дождевыми, либо без них.";"100%.";"600-1000";"";"";"12.0";"16.7";"0.6";"12";"";"";"";"";
"13.08.2023 15:00";"17.5";"747.7";"760.9";"0.6";"93";"Ветер, дующий с юго-востока";"1";"";"";"100%.";"Ливневый(ые) дождь(и) слабый(ые) в срок наблюдения или за последний час. ";"Ливень (ливни).";"Облака покрывали более половины неба в течение всего соответствующего периода.";"";"";"Кучево-дождевые волокнистые (часто с наковальней), либо с кучево-дождевыми лысыми, кучевыми, слоистыми, разорванно-дождевыми, либо без них.";"100%.";"300-600";"";"";"11.0";"16.3";"";"";"";"";"";"";
"13.08.2023 12:00";"19.7";"747.1";"760.1";"0.7";"75";"Ветер, дующий с юго-юго-востока";"1";"";"";"100%.";" ";"";"";"";"";"Кучевые и слоисто-кучевые (но не слоисто-кучевые, образовавшиеся из кучевых), основания расположены на разных уровнях.";"100%.";"600-1000";"";"";"20.0";"15.1";"";"";"";"";"";"";
"13.08.2023 09:00";"21.9";"746.4";"759.3";"-0.3";"77";"Ветер, дующий с востоко-юго-востока";"2";"";"";"70 – 80%.";" ";"";"";"17.3";"";"Кучевые средние или мощные или вместе с кучевыми разорванными, или с кучевыми плоскими, или со слоисто-кучевыми, либо без них; основания всех этих облаков расположены на одном уровне.";"60%.";"600-1000";"Высококучевых, высокослоистых или слоисто-дождевых облаков нет.";"Перистые нитевидные, иногда когтевидные, не распространяющиеся по небу.";"19.0";"17.6";"Осадков нет";"12";"Поверхность почвы влажная.";"17.0";"";"";
"13.08.2023 06:00";"17.7";"746.7";"759.8";"-0.6";"95";"Штиль, безветрие";"0";"";"";"90  или более, но не 100%";" ";"";"";"17.3";"";"Слоисто-кучевых, слоистых, кучевых или кучево-дождевых облаков нет.";"90  или более, но не 100%";"2500 или более, или облаков нет.";"Высококучевые просвечивающие, расположенные на одном уровне.";"Перистых, перисто-кучевых или перисто-слоистых нет.";"17.0";"16.9";"Осадков нет";"12";"";"";"";"";
"13.08.2023 03:00";"18.5";"747.3";"760.4";"-0.7";"91";"Штиль, безветрие";"0";"";"";"40%.";" ";"";"";"";"";"Слоисто-кучевые, образовавшиеся не из кучевых.";"20–30%.";"1000-1500";"Высококучевые просвечивающие, расположенные на одном уровне.";"Перистых, перисто-кучевых или перисто-слоистых нет.";"18.0";"17.0";"";"";"";"";"";"";
"13.08.2023 00:00";"20.3";"748.0";"761.0";"-0.4";"84";"Ветер, дующий с востоко-юго-востока";"1";"";"";"90  или более, но не 100%";" ";"";"";"";"";"Слоисто-кучевые, образовавшиеся не из кучевых.";"90  или более, но не 100%";"1000-1500";"Высококучевых, высокослоистых или слоисто-дождевых облаков нет.";"Перистых, перисто-кучевых или перисто-слоистых нет.";"20.0";"17.5";"";"";"";"";"";"";
"12.08.2023 21:00";"20.8";"748.4";"761.5";"-0.1";"83";"Ветер, дующий с востока";"1";"";"";"70 – 80%.";"Состояние неба в общем не изменилось. ";"Ливень (ливни).";"Облака покрывали более половины неба в течение всего соответствующего периода.";"";"23.5";"Слоисто-кучевые, образовавшиеся не из кучевых.";"60%.";"1500-2000";"Клочья (часто чечевицеобразные) высококучевых просвечивающих, непрерывно изменяющихся; расположены на одном или более уровнях.";"Перистых, перисто-кучевых или перисто-слоистых нет.";"20.0";"17.7";"5.0";"12";"";"";"";"";
"12.08.2023 18:00";"20.5";"748.5";"761.5";"-1.3";"89";"Ветер, дующий с востока";"2";"";"";"70 – 80%.";"Состояние неба в общем не изменилось. ";"Ливень (ливни).";"Облака покрывали более половины неба в течение всего соответствующего периода.";"";"";"Слоисто-кучевые, образовавшиеся из кучевых.";"20–30%.";"1000-1500";"Высококучевые просвечивающие, расположенные на одном уровне.";"Перистых, перисто-кучевых или перисто-слоистых нет.";"20.0";"18.6";"5.0";"12";"";"";"";"";
"12.08.2023 15:00";"20.4";"749.8";"762.8";"0.1";"90";"Ветер, дующий с востоко-юго-востока";"1";"";"";"100%.";"Ливневый(ые) дождь(и) умеренный(ые) или сильный(ые) в срок наблюдения или за последний час. ";"Ливень (ливни).";"Облака покрывали более половины неба в течение всего соответствующего периода.";"";"";"Кучево-дождевые волокнистые (часто с наковальней), либо с кучево-дождевыми лысыми, кучевыми, слоистыми, разорванно-дождевыми, либо без них.";"70 – 80%.";"1000-1500";"Высококучевые, просвечивающие или плотные в двух или более слоях или высококучевые плотные в одном слое, не распространяющиеся но небу, либо высококучевые с высокослоистыми или слоисто-дождевыми.";"";"8.0";"18.7";"";"";"";"";"";"";
"12.08.2023 12:00";"22.1";"749.7";"762.7";"0.1";"74";"Ветер, дующий с востоко-юго-востока";"1";"";"";"100%.";"Ливневый(ые) дождь(и). ";"Облака покрывали более половины неба в течение всего соответствующего периода.";"Облака покрывали более половины неба в течение всего соответствующего периода.";"";"";"Слоисто-кучевые, образовавшиеся не из кучевых.";"40%.";"1000-1500";"Высококучевые, просвечивающие или плотные в двух или более слоях или высококучевые плотные в одном слое, не распространяющиеся но небу, либо высококучевые с высокослоистыми или слоисто-дождевыми.";"";"20.0";"17.3";"";"";"";"";"";"";
"12.08.2023 09:00";"21.0";"749.6";"762.7";"-0.7";"79";"Ветер, дующий с северо-северо-востока";"1";"";"";"100%.";"Ливневый(ые) дождь(и). ";"Ливень (ливни).";"Облака покрывали более половины неба в течение всего соответствующего периода.";"19.6";"";"Слоисто-кучевые, образовавшиеся не из кучевых.";"60%.";"1000-1500";"Высококучевые просвечивающие, полосами, либо один или несколько слоев высококучевых просвечивающих, распространяющихся по небу; эти высококучевые в целом уплотняются.";"";"20.0";"17.1";"0.1";"12";"Поверхность почвы влажная.";"19.0";"";"";
"12.08.2023 06:00";"20.8";"750.3";"763.3";"0.0";"84";"Ветер, дующий с востока";"1";"";"";"100%.";" ";"";"";"19.6";"";"Слоисто-кучевые, образовавшиеся не из кучевых.";"70 – 80%.";"1000-1500";"Высококучевые просвечивающие, полосами, либо один или несколько слоев высококучевых просвечивающих, распространяющихся по небу; эти высококучевые в целом уплотняются.";"";"20.0";"18.0";"0.2";"12";"";"";"";"";
"12.08.2023 03:00";"19.8";"750.3";"763.4";"-0.5";"94";"Штиль, безветрие";"0";"";"";"90  или более, но не 100%";" ";"";"";"";"";"Слоисто-кучевые, образовавшиеся не из кучевых.";"50%.";"1000-1500";"Высококучевые просвечивающие, расположенные на одном уровне.";"Перистых, перисто-кучевых или перисто-слоистых нет.";"19.0";"18.8";"";"";"";"";"";"";
"12.08.2023 00:00";"19.8";"750.8";"763.9";"-0.6";"94";"Штиль, безветрие";"0";"";"";"90  или более, но не 100%";" ";"";"";"";"";"Слоисто-кучевые, образовавшиеся не из кучевых.";"70 – 80%.";"1000-1500";"Высококучевые просвечивающие, расположенные на одном уровне.";"Перистых, перисто-кучевых или перисто-слоистых нет.";"18.0";"18.8";"";"";"";"";"";"";
"11.08.2023 21:00";"22.7";"751.4";"764.4";"-0.5";"83";"Штиль, безветрие";"0";"";"";"90  или более, но не 100%";"Состояние неба в общем не изменилось. ";"Ливень (ливни).";"Облака покрывали более половины неба в течение всего соответствующего периода.";"";"24.0";"Слоисто-кучевые, образовавшиеся не из кучевых.";"70 – 80%.";"1000-1500";"Высококучевые просвечивающие, расположенные на одном уровне.";"Перистых, перисто-кучевых или перисто-слоистых нет.";"20.0";"19.7";"0.2";"12";"";"";"";"";
"11.08.2023 18:00";"23.5";"751.9";"764.8";"-1.0";"74";"Штиль, безветрие";"0";"";"";"100%.";" ";"";"";"";"";"Слоисто-кучевые, образовавшиеся не из кучевых.";"70 – 80%.";"1000-1500";"Высококучевые просвечивающие, полосами, либо один или несколько слоев высококучевых просвечивающих, распространяющихся по небу; эти высококучевые в целом уплотняются.";"";"20.0";"18.5";"1.0";"12";"";"";"";"";
"11.08.2023 15:00";"23.5";"752.9";"765.9";"-0.4";"72";"Ветер, дующий с востоко-юго-востока";"1";"";"";"90  или более, но не 100%";" ";"";"";"";"";"Слоисто-кучевые, образовавшиеся не из кучевых.";"70 – 80%.";"1000-1500";"Высококучевые просвечивающие, расположенные на одном уровне.";"Перистых, перисто-кучевых или перисто-слоистых нет.";"20.0";"18.1";"";"";"";"";"";"";
"11.08.2023 12:00";"23.0";"753.3";"766.3";"-0.7";"72";"Ветер, дующий с востоко-северо-востока";"1";"";"";"90  или более, но не 100%";"Ливневый(ые) дождь(и). ";"Облака покрывали более половины неба в течение всего соответствующего периода.";"Облака покрывали более половины неба в течение всего соответствующего периода.";"";"";"Слоисто-кучевые, образовавшиеся не из кучевых.";"60%.";"1000-1500";"Высококучевые просвечивающие, расположенные на одном уровне.";"Перистых, перисто-кучевых или перисто-слоистых нет.";"20.0";"17.6";"";"";"";"";"";"";
"11.08.2023 09:00";"19.6";"754.0";"767.2";"0.0";"87";"Ветер, дующий с востока";"1";"";"";"100%.";"Ливневый(ые) дождь(и) слабый(ые) в срок наблюдения или за последний час. ";"Ливень (ливни).";"Облака покрывали более половины неба в течение всего соответствующего периода.";"15.1";"";"Кучево-дождевые лысые с кучевыми, слоисто-кучевыми или слоистыми, либо без них.";"70 – 80%.";"1000-1500";"Высококучевые просвечивающие, полосами, либо один или несколько слоев высококучевых просвечивающих, распространяющихся по небу; эти высококучевые в целом уплотняются.";"";"19.0";"17.4";"0.9";"12";"Поверхность почвы влажная.";"15.0";"";"";
"11.08.2023 06:00";"16.3";"754.0";"767.4";"-0.8";"92";"Штиль, безветрие";"0";"";"";"Облаков нет.";" ";"";"";"15.1";"";"";"";"";"";"";"20.0";"15.0";"Осадков нет";"12";"";"";"";"";
"11.08.2023 03:00";"16.1";"754.8";"768.1";"0.0";"89";"Штиль, безветрие";"0";"";"";"Облаков нет.";" ";"";"";"";"";"";"";"";"";"";"20.0";"14.3";"";"";"";"";"";"";
"11.08.2023 00:00";"17.5";"754.8";"768.1";"0.6";"83";"Штиль, безветрие";"0";"";"";"Облаков нет.";" ";"";"";"";"";"";"";"";"";"";"20.0";"14.5";"";"";"";"";"";"";
"10.08.2023 21:00";"19.9";"754.2";"767.4";"0.5";"71";"Штиль, безветрие";"0";"";"";"20–30%.";" ";"";"";"";"25.6";"Слоисто-кучевых, слоистых, кучевых или кучево-дождевых облаков нет.";"Облаков нет.";"2500 или более, или облаков нет.";"Высококучевых, высокослоистых или слоисто-дождевых облаков нет.";"Перистые нитевидные, иногда когтевидные, не распространяющиеся по небу.";"20.0";"14.4";"Осадков нет";"12";"";"";"";"";
"10.08.2023 18:00";"24.7";"753.7";"766.7";"-0.3";"47";"Ветер, дующий с северо-северо-запада";"1";"";"";"40%.";" ";"";"";"";"";"Кучевые средние или мощные или вместе с кучевыми разорванными, или с кучевыми плоскими, или со слоисто-кучевыми, либо без них; основания всех этих облаков расположены на одном уровне.";"40%.";"1000-1500";"Высококучевых, высокослоистых или слоисто-дождевых облаков нет.";"Перистых, перисто-кучевых или перисто-слоистых нет.";"20.0";"12.6";"Осадков нет";"12";"";"";"";"";
"10.08.2023 15:00";"24.8";"754.0";"766.9";"0.3";"45";"Ветер, дующий с севера";"1";"";"";"70 – 80%.";" ";"";"";"";"";"Кучевые средние или мощные или вместе с кучевыми разорванными, или с кучевыми плоскими, или со слоисто-кучевыми, либо без них; основания всех этих облаков расположены на одном уровне.";"70 – 80%.";"1000-1500";"Высококучевых, высокослоистых или слоисто-дождевых облаков нет.";"Перистых, перисто-кучевых или перисто-слоистых нет.";"20.0";"11.9";"";"";"";"";"";"";
"10.08.2023 12:00";"23.4";"753.7";"766.7";"0.5";"55";"Ветер, дующий с северо-северо-востока";"2";"";"";"70 – 80%.";" ";"";"";"";"";"Кучевые средние или мощные или вместе с кучевыми разорванными, или с кучевыми плоскими, или со слоисто-кучевыми, либо без них; основания всех этих облаков расположены на одном уровне.";"70 – 80%.";"1000-1500";"Высококучевых, высокослоистых или слоисто-дождевых облаков нет.";"Перистых, перисто-кучевых или перисто-слоистых нет.";"20.0";"13.7";"";"";"";"";"";"";
"10.08.2023 09:00";"19.7";"753.2";"766.3";"0.7";"72";"Ветер, дующий с северо-северо-запада";"2";"";"";"Облаков нет.";" ";"";"";"14.8";"";"";"";"";"";"";"19.0";"14.4";"Осадков нет";"12";"Cухая (без трещин, заметного количества пыли или сыпучего песка)";"15.0";"";"";
"10.08.2023 06:00";"15.7";"752.5";"765.8";"1.2";"87";"Штиль, безветрие";"0";"";"";"Облаков нет.";" ";"";"";"14.8";"";"";"";"";"";"";"20.0";"13.5";"Осадков нет";"12";"";"";"";"";
"10.08.2023 03:00";"15.8";"751.3";"764.6";"1.3";"86";"Штиль, безветрие";"0";"";"";"Облаков нет.";" ";"";"";"";"";"";"";"";"";"";"20.0";"13.5";"";"";"";"";"";"";
"10.08.2023 00:00";"18.1";"750.0";"763.2";"1.0";"78";"Ветер, дующий с запада";"1";"";"";"Облаков нет.";" ";"";"";"";"";"";"";"";"";"";"20.0";"14.1";"";"";"";"";"";"";
"09.08.2023 21:00";"20.3";"749.0";"762.1";"1.8";"71";"Ветер, дующий с западо-северо-запада";"1";"";"";"20–30%.";" ";"";"";"";"24.6";"Слоисто-кучевых, слоистых, кучевых или кучево-дождевых облаков нет.";"20–30%.";"2500 или более, или облаков нет.";"Высококучевые просвечивающие, расположенные на одном уровне.";"Перистых, перисто-кучевых или перисто-слоистых нет.";"20.0";"14.9";"Осадков нет";"12";"";"";"";"";
"09.08.2023 18:00";"24.3";"747.2";"760.0";"0.9";"61";"Ветер, дующий с западо-северо-запада";"1";"";"";"60%.";" ";"";"";"";"";"Кучевые средние или мощные или вместе с кучевыми разорванными, или с кучевыми плоскими, или со слоисто-кучевыми, либо без них; основания всех этих облаков расположены на одном уровне.";"40%.";"600-1000";"Высококучевые просвечивающие, расположенные на одном уровне.";"Перистых, перисто-кучевых или перисто-слоистых нет.";"20.0";"16.4";"Осадков нет";"12";"";"";"";"";
"09.08.2023 15:00";"24.2";"746.3";"759.1";"-0.1";"61";"Ветер, дующий с северо-запада";"1";"";"";"70 – 80%.";" ";"";"";"";"";"Слоисто-кучевые, образовавшиеся не из кучевых.";"70 – 80%.";"1000-1500";"Высококучевых, высокослоистых или слоисто-дождевых облаков нет.";"Перистых, перисто-кучевых или перисто-слоистых нет.";"20.0";"16.2";"";"";"";"";"";"";
"09.08.2023 12:00";"21.9";"746.4";"759.3";"0.5";"73";"Ветер, дующий с севера";"2";"";"";"100%.";" ";"";"";"";"";"Слоисто-кучевые, образовавшиеся не из кучевых.";"100%.";"1000-1500";"";"";"20.0";"16.8";"";"";"";"";"";"";
"09.08.2023 09:00";"20.5";"745.9";"758.8";"0.3";"75";"Ветер, дующий с запада";"1";"";"";"100%.";" ";"";"";"18.5";"";"Слоисто-кучевые, образовавшиеся не из кучевых.";"100%.";"300-600";"";"";"20.0";"15.8";"Осадков нет";"12";"Поверхность почвы влажная.";"18.0";"";"";
"09.08.2023 06:00";"18.8";"745.6";"758.7";"0.3";"77";"Ветер, дующий с северо-северо-запада";"1";"";"";"60%.";" ";"";"";"18.8";"";"Слоисто-кучевые, образовавшиеся не из кучевых.";"60%.";"1000-1500";"Высококучевых, высокослоистых или слоисто-дождевых облаков нет.";"Перистых, перисто-кучевых или перисто-слоистых нет.";"20.0";"14.6";"Осадков нет";"12";"";"";"";"";
"09.08.2023 03:00";"19.3";"745.3";"758.4";"";"75";"Ветер, дующий с северо-запада";"1";"";"";"90  или более, но не 100%";" ";"";"";"";"";"Слоисто-кучевые, образовавшиеся не из кучевых.";"90  или более, но не 100%";"1000-1500";"Высококучевых, высокослоистых или слоисто-дождевых облаков нет.";"Перистых, перисто-кучевых или перисто-слоистых нет.";"20.0";"14.8";"";"";"";"";"";"";
"09.08.2023 00:00";"21.4";"745.5";"758.5";"";"67";"Ветер, дующий с северо-запада";"1";"";"";"90  или более, но не 100%";" ";"";"";"";"";"Слоисто-кучевые, образовавшиеся не из кучевых.";"90  или более, но не 100%";"1000-1500";"Высококучевых, высокослоистых или слоисто-дождевых облаков нет.";"Перистых, перисто-кучевых или перисто-слоистых нет.";"20.0";"15.0";"";"";"";"";"";"";
"08.08.2023 21:00";"22.6";"745.4";"758.3";"1.3";"67";"Ветер, дующий с западо-северо-запада";"2";"";"";"100%.";" ";"";"";"";"25.6";"Слоисто-кучевые, образовавшиеся не из кучевых.";"100%.";"1000-1500";"";"";"20.0";"16.2";"0.1";"12";"";"";"";"";
"08.08.2023 18:00";"25.2";"744.1";"756.8";"0.0";"68";"Ветер, дующий с востока";"1";"";"";"90  или более, но не 100%";" ";"";"";"";"";"Слоисто-кучевые, образовавшиеся не из кучевых.";"70 – 80%.";"1000-1500";"Высококучевые просвечивающие, расположенные на одном уровне.";"Перистых, перисто-кучевых или перисто-слоистых нет.";"19.0";"18.8";"0.1";"12";"";"";"";"";
"08.08.2023 15:00";"24.6";"744.1";"757.0";"0.4";"67";"Ветер, дующий с северо-востока";"1";"";"";"90  или более, но не 100%";"Состояние неба в общем не изменилось. ";"Ливень (ливни).";"Облака покрывали более половины неба в течение всего соответствующего периода.";"";"";"Слоисто-кучевые, образовавшиеся не из кучевых.";"70 – 80%.";"1000-1500";"Высококучевые просвечивающие, расположенные на одном уровне.";"Перистых, перисто-кучевых или перисто-слоистых нет.";"20.0";"18.0";"";"";"";"";"";"";
"08.08.2023 12:00";"22.2";"743.7";"756.6";"0.5";"76";"Ветер, дующий с востока";"1";"";"";"100%.";"Ливневый(ые) дождь(и) слабый(ые) в срок наблюдения или за последний час. ";"Ливень (ливни).";"Облака покрывали более половины неба в течение всего соответствующего периода.";"";"";"Кучево-дождевые волокнистые (часто с наковальней), либо с кучево-дождевыми лысыми, кучевыми, слоистыми, разорванно-дождевыми, либо без них.";"100%.";"600-1000";"";"";"19.0";"17.8";"";"";"";"";"";"";
"08.08.2023 09:00";"21.7";"743.2";"756.1";"0.5";"71";"Ветер, дующий с востоко-юго-востока";"1";"";"";"70 – 80%.";"Ливневый(ые) дождь(и). ";"Ливень (ливни).";"Облака покрывали более половины неба в течение всего соответствующего периода.";"20.9";"";"Слоисто-кучевые, образовавшиеся не из кучевых.";"70 – 80%.";"1000-1500";"Высококучевых, высокослоистых или слоисто-дождевых облаков нет.";"Перистых, перисто-кучевых или перисто-слоистых нет.";"20.0";"16.2";"Следы осадков";"12";"Поверхность почвы влажная.";"20.0";"";"";
"08.08.2023 06:00";"21.1";"742.7";"755.6";"-0.8";"70";"Ветер, дующий с востока";"1";"";"";"90  или более, но не 100%";"Ливневый(ые) дождь(и) слабый(ые) в срок наблюдения или за последний час. ";"Ливень (ливни).";"Облака покрывали более половины неба в течение всего соответствующего периода.";"21.1";"";"Кучево-дождевые волокнистые (часто с наковальней), либо с кучево-дождевыми лысыми, кучевыми, слоистыми, разорванно-дождевыми, либо без них.";"70 – 80%.";"600-1000";"Высококучевые просвечивающие, расположенные на одном уровне.";"Перистых, перисто-кучевых или перисто-слоистых нет.";"20.0";"15.4";"Следы осадков";"12";"";"";"";"";
"08.08.2023 03:00";"22.3";"743.5";"756.3";"-0.3";"66";"Ветер, дующий с востоко-юго-востока";"1";"";"";"70 – 80%.";" ";"";"";"";"";"Слоисто-кучевых, слоистых, кучевых или кучево-дождевых облаков нет.";"60%.";"2500 или более, или облаков нет.";"Высококучевые просвечивающие, расположенные на одном уровне.";"Перистые нитевидные, иногда когтевидные, не распространяющиеся по небу.";"20.0";"15.5";"";"";"";"";"";"";
"08.08.2023 00:00";"24.1";"743.8";"756.6";"-0.5";"61";"Ветер, дующий с востоко-юго-востока";"2";"";"";"Облаков нет.";" ";"";"";"";"";"";"";"";"";"";"20.0";"16.1";"";"";"";"";"";"";
"07.08.2023 21:00";"26.4";"744.3";"757.0";"-0.3";"53";"Ветер, дующий с востоко-юго-востока";"2";"";"";"Облаков нет.";" ";"";"";"";"30.3";"";"";"";"";"";"20.0";"16.1";"Осадков нет";"12";"";"";"";"";
"07.08.2023 18:00";"29.5";"744.6";"757.2";"-1.6";"44";"Ветер, дующий с юго-востока";"2";"";"";"Облаков нет.";" ";"";"";"";"";"";"";"";"";"";"20.0";"15.9";"Осадков нет";"12";"";"";"";"";
"07.08.2023 15:00";"30.0";"746.2";"758.8";"-1.2";"41";"Ветер, дующий с востоко-юго-востока";"3";"";"";"Облаков нет.";" ";"";"";"";"";"";"";"";"";"";"20.0";"15.4";"";"";"";"";"";"";
"07.08.2023 12:00";"28.3";"747.4";"760.1";"-0.7";"46";"Ветер, дующий с юго-востока";"3";"";"";"Облаков нет.";" ";"";"";"";"";"";"";"";"";"";"20.0";"15.6";"";"";"";"";"";"";
"07.08.2023 09:00";"26.4";"748.1";"760.9";"-0.5";"57";"Ветер, дующий с востока";"1";"";"";"Облаков нет.";" ";"";"";"20.8";"";"";"";"";"";"";"20.0";"17.2";"Осадков нет";"12";"Cухая (без трещин, заметного количества пыли или сыпучего песка)";"19.0";"";"";
"07.08.2023 06:00";"21.9";"748.6";"761.5";"-0.3";"75";"Ветер, дующий с востоко-юго-востока";"1";"";"";"Облаков нет.";" ";"";"";"20.8";"";"";"";"";"";"";"20.0";"17.3";"Осадков нет";"12";"";"";"";"";
"07.08.2023 03:00";"22.5";"748.9";"761.8";"-0.2";"75";"Штиль, безветрие";"0";"";"";"Облаков нет.";" ";"";"";"";"";"";"";"";"";"";"20.0";"17.8";"";"";"";"";"";"";
"07.08.2023 00:00";"22.8";"749.1";"762.0";"-0.1";"76";"Штиль, безветрие";"0";"";"";"Облаков нет.";" ";"";"";"";"";"";"";"";"";"";"20.0";"18.4";"";"";"";"";"";"";
"06.08.2023 21:00";"25.0";"749.2";"762.1";"0.1";"68";"Штиль, безветрие";"0";"";"";"Облаков нет.";" ";"";"";"";"31.4";"";"";"";"";"";"20.0";"18.6";"Осадков нет";"12";"";"";"";"";
"06.08.2023 18:00";"30.2";"749.1";"761.8";"-0.7";"50";"Ветер, дующий с юго-востока";"1";"";"";"10%  или менее, но не 0";" ";"";"";"";"";"Кучевые плоские или кучевые разорванные, или те и другие вместе, не относящиеся к облакам плохой погоды.";"10%  или менее, но не 0";"1000-1500";"Высококучевых, высокослоистых или слоисто-дождевых облаков нет.";"Перистых, перисто-кучевых или перисто-слоистых нет.";"20.0";"18.6";"Осадков нет";"12";"";"";"";"";
"06.08.2023 15:00";"31.1";"749.8";"762.4";"-0.9";"48";"Ветер, дующий с юго-востока";"2";"";"";"20–30%.";" ";"";"";"";"";"Кучевые плоские или кучевые разорванные, или те и другие вместе, не относящиеся к облакам плохой погоды.";"20–30%.";"1000-1500";"Высококучевых, высокослоистых или слоисто-дождевых облаков нет.";"Перистых, перисто-кучевых или перисто-слоистых нет.";"20.0";"18.8";"";"";"";"";"";"";
"06.08.2023 12:00";"30.5";"750.7";"763.3";"-0.5";"48";"Ветер, дующий с юго-востока";"1";"";"";"10%  или менее, но не 0";" ";"";"";"";"";"Кучевые плоские или кучевые разорванные, или те и другие вместе, не относящиеся к облакам плохой погоды.";"10%  или менее, но не 0";"1000-1500";"Высококучевых, высокослоистых или слоисто-дождевых облаков нет.";"Перистых, перисто-кучевых или перисто-слоистых нет.";"20.0";"18.2";"";"";"";"";"";"";
"06.08.2023 09:00";"27.6";"751.2";"763.9";"-0.3";"59";"Ветер, дующий с востоко-северо-востока";"1";"";"";"Облаков нет.";" ";"";"";"18.5";"";"";"";"";"";"";"19.0";"18.9";"Осадков нет";"12";"Cухая (без трещин, заметного количества пыли или сыпучего песка)";"18.0";"";"";
"06.08.2023 06:00";"19.4";"751.5";"764.6";"0.3";"93";"Штиль, безветрие";"0";"";"";"Облаков нет.";" ";"";"";"18.5";"";"";"";"";"";"";"20.0";"18.2";"Осадков нет";"12";"";"";"";"";
"06.08.2023 03:00";"19.0";"751.2";"764.3";"0.3";"89";"Штиль, безветрие";"0";"";"";"Облаков нет.";" ";"";"";"";"";"";"";"";"";"";"20.0";"17.2";"";"";"";"";"";"";
"06.08.2023 00:00";"20.3";"750.9";"764.0";"0.5";"80";"Штиль, безветрие";"0";"";"";"Облаков нет.";" ";"";"";"";"";"";"";"";"";"";"20.0";"16.8";"";"";"";"";"";"";
"05.08.2023 21:00";"22.9";"750.4";"763.3";"0.0";"72";"Штиль, безветрие";"0";"";"";"Облаков нет.";" ";"";"";"";"29.2";"";"";"";"";"";"20.0";"17.6";"Осадков нет";"12";"";"";"";"";
"05.08.2023 18:00";"28.4";"750.4";"763.1";"0.0";"47";"Штиль, безветрие";"0";"";"";"20–30%.";" ";"";"";"";"";"Кучевые плоские или кучевые разорванные, или те и другие вместе, не относящиеся к облакам плохой погоды.";"20–30%.";"1000-1500";"Высококучевых, высокослоистых или слоисто-дождевых облаков нет.";"Перистых, перисто-кучевых или перисто-слоистых нет.";"20.0";"15.9";"Осадков нет";"12";"";"";"";"";
"05.08.2023 15:00";"28.5";"750.4";"763.2";"-0.2";"42";"Ветер, дующий с западо-юго-запада";"1";"";"";"60%.";" ";"";"";"";"";"Кучевые плоские или кучевые разорванные, или те и другие вместе, не относящиеся к облакам плохой погоды.";"60%.";"1500-2000";"Высококучевых, высокослоистых или слоисто-дождевых облаков нет.";"Перистых, перисто-кучевых или перисто-слоистых нет.";"20.0";"14.5";"";"";"";"";"";"";
"05.08.2023 12:00";"27.7";"750.6";"763.4";"0.2";"47";"Ветер, дующий с северо-запада";"1";"";"";"60%.";" ";"";"";"";"";"Кучевые плоские или кучевые разорванные, или те и другие вместе, не относящиеся к облакам плохой погоды.";"60%.";"1500-2000";"Высококучевых, высокослоистых или слоисто-дождевых облаков нет.";"Перистых, перисто-кучевых или перисто-слоистых нет.";"20.0";"15.3";"";"";"";"";"";"";
"05.08.2023 09:00";"25.4";"750.4";"763.3";"0.7";"55";"Ветер, дующий с северо-запада";"1";"";"";"Облаков нет.";" ";"";"";"16.5";"";"";"";"";"";"";"20.0";"15.7";"Осадков нет";"12";"Поверхность почвы влажная.";"17.0";"";"";
"05.08.2023 06:00";"17.6";"749.7";"762.9";"0.8";"90";"Штиль, безветрие";"0";"";"";"Облаков нет.";" ";"";"";"16.5";"";"";"";"";"";"";"20.0";"16.0";"Осадков нет";"12";"";"";"";"";
"05.08.2023 03:00";"17.0";"748.9";"762.2";"0.8";"93";"Штиль, безветрие";"0";"";"";"Облаков нет.";" ";"";"";"";"";"";"";"";"";"";"20.0";"15.9";"";"";"";"";"";"";
"05.08.2023 00:00";"20.1";"748.1";"761.2";"1.5";"82";"Штиль, безветрие";"0";"";"";"20–30%.";" ";"";"";"";"";"Слоисто-кучевых, слоистых, кучевых или кучево-дождевых облаков нет.";"20–30%.";"2500 или более, или облаков нет.";"Высококучевые просвечивающие, расположенные на одном уровне.";"Перистых, перисто-кучевых или перисто-слоистых нет.";"20.0";"16.9";"";"";"";"";"";"";
"04.08.2023 21:00";"23.2";"746.6";"759.5";"1.5";"64";"Штиль, безветрие";"0";"";"";"70 – 80%.";" ";"";"";"";"28.9";"Слоисто-кучевых, слоистых, кучевых или кучево-дождевых облаков нет.";"70 – 80%.";"2500 или более, или облаков нет.";"Высококучевые просвечивающие, расположенные на одном уровне.";"Перистых, перисто-кучевых или перисто-слоистых нет.";"20.0";"16.1";"Осадков нет";"12";"";"";"";"";
"04.08.2023 18:00";"28.0";"745.1";"757.8";"0.1";"53";"Ветер, дующий с западо-северо-запада";"1";"";"";"40%.";" ";"";"";"";"";"Кучевые средние или мощные или вместе с кучевыми разорванными, или с кучевыми плоскими, или со слоисто-кучевыми, либо без них; основания всех этих облаков расположены на одном уровне.";"40%.";"600-1000";"Высококучевых, высокослоистых или слоисто-дождевых облаков нет.";"Перистых, перисто-кучевых или перисто-слоистых нет.";"20.0";"17.4";"Осадков нет";"12";"";"";"";"";
"04.08.2023 15:00";"27.7";"745.0";"757.7";"0.1";"48";"Ветер, дующий с западо-юго-запада";"1";"";"";"70 – 80%.";" ";"";"";"";"";"Кучевые средние или мощные или вместе с кучевыми разорванными, или с кучевыми плоскими, или со слоисто-кучевыми, либо без них; основания всех этих облаков расположены на одном уровне.";"60%.";"600-1000";"Высококучевые просвечивающие, расположенные на одном уровне.";"Перистых, перисто-кучевых или перисто-слоистых нет.";"20.0";"15.8";"";"";"";"";"";"";
"04.08.2023 12:00";"28.0";"744.9";"757.5";"0.5";"55";"Ветер, дующий с юго-юго-запада";"1";"";"";"70 – 80%.";" ";"";"";"";"";"Кучевые средние или мощные или вместе с кучевыми разорванными, или с кучевыми плоскими, или со слоисто-кучевыми, либо без них; основания всех этих облаков расположены на одном уровне.";"40%.";"1000-1500";"Высококучевые башенкообразные или хлопьевидные.";"Перистых, перисто-кучевых или перисто-слоистых нет.";"19.0";"18.2";"";"";"";"";"";"";
"04.08.2023 09:00";"25.6";"744.4";"757.2";"0.1";"67";"Ветер, дующий с юго-юго-запада";"1";"";"";"Облаков нет.";" ";"";"";"19.1";"";"";"";"";"";"";"20.0";"19.0";"Осадков нет";"12";"Поверхность почвы влажная.";"18.0";"";"";
"04.08.2023 06:00";"20.3";"744.3";"757.2";"0.2";"93";"Штиль, безветрие";"0";"";"";"90  или более, но не 100%";" ";"";"";"19.1";"";"Слоисто-кучевые, образовавшиеся не из кучевых.";"60%.";"1000-1500";"Высококучевые просвечивающие, расположенные на одном уровне.";"Перистых, перисто-кучевых или перисто-слоистых нет.";"16.0";"19.2";"Осадков нет";"12";"";"";"";"";
"04.08.2023 03:00";"19.6";"744.1";"757.0";"0.0";"93";"Штиль, безветрие";"0";"";"";"60%.";" ";"";"";"";"";"Слоисто-кучевых, слоистых, кучевых или кучево-дождевых облаков нет.";"60%.";"2500 или более, или облаков нет.";"Высококучевые просвечивающие, расположенные на одном уровне.";"Перистых, перисто-кучевых или перисто-слоистых нет.";"14.0";"18.4";"";"";"";"";"";"";
"04.08.2023 00:00";"20.1";"744.1";"757.1";"0.3";"91";"Штиль, безветрие";"0";"";"";"20–30%.";" ";"";"";"";"";"Слоисто-кучевых, слоистых, кучевых или кучево-дождевых облаков нет.";"20–30%.";"2500 или более, или облаков нет.";"Высококучевые просвечивающие, расположенные на одном уровне.";"Перистых, перисто-кучевых или перисто-слоистых нет.";"18.0";"18.6";"";"";"";"";"";"";
"03.08.2023 21:00";"22.7";"743.8";"756.7";"0.4";"72";"Штиль, безветрие";"0";"";"";"10%  или менее, но не 0";" ";"";"";"";"29.0";"Слоисто-кучевые, образовавшиеся из кучевых.";"10%  или менее, но не 0";"1000-1500";"Высококучевых, высокослоистых или слоисто-дождевых облаков нет.";"Перистых, перисто-кучевых или перисто-слоистых нет.";"20.0";"17.3";"Осадков нет";"12";"";"";"";"";
"03.08.2023 18:00";"26.8";"743.4";"756.1";"0.3";"60";"Ветер, дующий с юго-юго-востока";"1";"";"";"40%.";" ";"";"";"";"";"Слоисто-кучевые, образовавшиеся из кучевых.";"20–30%.";"1000-1500";"Высококучевые просвечивающие, расположенные на одном уровне.";"Перистых, перисто-кучевых или перисто-слоистых нет.";"20.0";"18.5";"Осадков нет";"12";"";"";"";"";
"03.08.2023 15:00";"27.8";"743.1";"755.8";"-0.4";"54";"Ветер, дующий с юга";"2";"";"";"70 – 80%.";" ";"";"";"";"";"Кучевые средние или мощные или вместе с кучевыми разорванными, или с кучевыми плоскими, или со слоисто-кучевыми, либо без них; основания всех этих облаков расположены на одном уровне.";"60%.";"1000-1500";"Высококучевых, высокослоистых или слоисто-дождевых облаков нет.";"Перистые нитевидные, иногда когтевидные, не распространяющиеся по небу.";"20.0";"17.6";"";"";"";"";"";"";
"03.08.2023 12:00";"27.4";"743.5";"756.1";"0.0";"56";"Ветер, дующий с юго-востока";"2";"";"";"70 – 80%.";" ";"";"";"";"";"Кучевые средние или мощные или вместе с кучевыми разорванными, или с кучевыми плоскими, или со слоисто-кучевыми, либо без них; основания всех этих облаков расположены на одном уровне.";"60%.";"1000-1500";"Высококучевые просвечивающие, расположенные на одном уровне.";"Перистых, перисто-кучевых или перисто-слоистых нет.";"20.0";"17.9";"";"";"";"";"";"";
"03.08.2023 09:00";"24.3";"743.5";"756.3";"-0.1";"68";"Ветер, дующий с востоко-северо-востока";"1";"";"";"10%  или менее, но не 0";" ";"";"";"17.3";"";"Слоисто-кучевых, слоистых, кучевых или кучево-дождевых облаков нет.";"10%  или менее, но не 0";"2500 или более, или облаков нет.";"Высококучевые просвечивающие, расположенные на одном уровне.";"Перистых, перисто-кучевых или перисто-слоистых нет.";"19.0";"18.1";"Осадков нет";"12";"Поверхность почвы влажная.";"17.0";"";"";
"03.08.2023 06:00";"18.1";"743.6";"756.7";"0.1";"98";"Штиль, безветрие";"0";"";"";"20–30%.";"Дымка. ";"Облака покрывали половину неба или менее в течение всего соответствующего периода.";"Облака покрывали половину неба или менее в течение всего соответствующего периода.";"17.3";"";"Слоисто-кучевых, слоистых, кучевых или кучево-дождевых облаков нет.";"20–30%.";"2500 или более, или облаков нет.";"Высококучевые башенкообразные или хлопьевидные.";"Перистых, перисто-кучевых или перисто-слоистых нет.";"8.0";"17.8";"Осадков нет";"12";"";"";"";"";
"03.08.2023 03:00";"18.0";"743.5";"756.6";"0.0";"98";"Штиль, безветрие";"0";"";"";"Облаков нет.";"Дымка. ";"Облака покрывали половину неба или менее в течение всего соответствующего периода.";"Облака покрывали половину неба или менее в течение всего соответствующего периода.";"";"";"";"";"";"";"";"5.0";"17.6";"";"";"";"";"";"";
"03.08.2023 00:00";"18.6";"743.5";"756.6";"0.0";"95";"Штиль, безветрие";"0";"";"";"Облаков нет.";" ";"";"";"";"";"";"";"";"";"";"12.0";"17.7";"";"";"";"";"";"";
"02.08.2023 21:00";"21.0";"743.5";"756.4";"0.3";"81";"Ветер, дующий с юго-юго-востока";"1";"";"";"20–30%.";"Состояние неба в общем не изменилось. ";"Ливень (ливни).";"Облака покрывали более половины неба в течение одной части соответствующего периода и половину или менее в течение другой части периода.";"";"26.4";"Слоисто-кучевых, слоистых, кучевых или кучево-дождевых облаков нет.";"20–30%.";"2500 или более, или облаков нет.";"Высококучевые просвечивающие, расположенные на одном уровне.";"Перистых, перисто-кучевых или перисто-слоистых нет.";"20.0";"17.5";"Следы осадков";"12";"";"";"";"";
"02.08.2023 18:00";"23.9";"743.2";"756.0";"-0.5";"65";"Ветер, дующий с юго-востока";"1";"";"";"20–30%.";"Состояние неба в общем не изменилось. ";"Ливень (ливни).";"Облака покрывали более половины неба в течение всего соответствующего периода.";"";"";"Слоисто-кучевых, слоистых, кучевых или кучево-дождевых облаков нет.";"20–30%.";"2500 или более, или облаков нет.";"Высококучевые просвечивающие, расположенные на одном уровне.";"Перистых, перисто-кучевых или перисто-слоистых нет.";"20.0";"16.9";"";"";"";"";"";"";
"02.08.2023 15:00";"26.2";"743.7";"756.4";"-0.9";"56";"Ветер, дующий с востока";"2";"";"";"70 – 80%.";" ";"";"";"";"";"Кучевые и слоисто-кучевые (но не слоисто-кучевые, образовавшиеся из кучевых), основания расположены на разных уровнях.";"70 – 80%.";"600-1000";"Высококучевых, высокослоистых или слоисто-дождевых облаков нет.";"Перистых, перисто-кучевых или перисто-слоистых нет.";"20.0";"16.8";"";"";"";"";"";"";
"02.08.2023 12:00";"25.1";"744.6";"757.3";"-0.5";"64";"Ветер, дующий с юго-востока";"1";"";"";"70 – 80%.";" ";"";"";"";"";"Кучевые средние или мощные или вместе с кучевыми разорванными, или с кучевыми плоскими, или со слоисто-кучевыми, либо без них; основания всех этих облаков расположены на одном уровне.";"70 – 80%.";"600-1000";"Высококучевых, высокослоистых или слоисто-дождевых облаков нет.";"Перистых, перисто-кучевых или перисто-слоистых нет.";"20.0";"17.7";"";"";"";"";"";"";
"02.08.2023 09:00";"22.4";"745.1";"758.0";"-0.1";"75";"Ветер, дующий с востоко-юго-востока";"1";"";"";"50%.";" ";"";"";"15.8";"";"Кучевые плоские или кучевые разорванные, или те и другие вместе, не относящиеся к облакам плохой погоды.";"20–30%.";"600-1000";"Высококучевые башенкообразные или хлопьевидные.";"Перистых, перисто-кучевых или перисто-слоистых нет.";"18.0";"17.8";"Осадков нет";"12";"Поверхность почвы сырая (вода застаивается на поверхности и образует малые или большие лужи).";"16.0";"";"";
"02.08.2023 06:00";"16.4";"745.2";"758.3";"0.2";"98";"Штиль, безветрие";"0";"";"";"Облаков нет.";" ";"";"";"15.8";"";"";"";"";"";"";"13.0";"16.1";"Осадков нет";"12";"";"";"";"";
"02.08.2023 03:00";"16.7";"745.0";"758.2";"-0.2";"96";"Штиль, безветрие";"0";"";"";"20–30%.";" ";"";"";"";"";"Слоисто-кучевых, слоистых, кучевых или кучево-дождевых облаков нет.";"20–30%.";"2500 или более, или облаков нет.";"Высококучевые просвечивающие, расположенные на одном уровне.";"Перистых, перисто-кучевых или перисто-слоистых нет.";"10.0";"16.1";"";"";"";"";"";"";
"02.08.2023 00:00";"18.4";"745.2";"758.2";"0.4";"88";"Штиль, безветрие";"0";"";"";"70 – 80%.";" ";"";"";"";"";"Слоисто-кучевых, слоистых, кучевых или кучево-дождевых облаков нет.";"70 – 80%.";"2500 или более, или облаков нет.";"Высококучевые просвечивающие, расположенные на одном уровне.";"Перистых, перисто-кучевых или перисто-слоистых нет.";"20.0";"16.4";"";"";"";"";"";"";
"01.08.2023 21:00";"22.0";"744.8";"757.7";"0.7";"68";"Штиль, безветрие";"0";"";"";"90  или более, но не 100%";" ";"";"";"";"26.5";"Кучевые средние или мощные или вместе с кучевыми разорванными, или с кучевыми плоскими, или со слоисто-кучевыми, либо без них; основания всех этих облаков расположены на одном уровне.";"20–30%.";"1000-1500";"Высококучевые башенкообразные или хлопьевидные.";"Перистые когтевидные или нитевидные или первые и вторые, распространяющиеся по небу и в целом обычно уплотняющиеся.";"20.0";"15.8";"Осадков нет";"12";"";"";"";"";
"01.08.2023 18:00";"26.4";"744.1";"756.8";"-0.5";"49";"Ветер, дующий с востоко-северо-востока";"1";"";"";"90  или более, но не 100%";" ";"";"";"";"";"Кучевые средние или мощные или вместе с кучевыми разорванными, или с кучевыми плоскими, или со слоисто-кучевыми, либо без них; основания всех этих облаков расположены на одном уровне.";"90  или более, но не 100%";"1000-1500";"Высококучевых, высокослоистых или слоисто-дождевых облаков нет.";"Перистых, перисто-кучевых или перисто-слоистых нет.";"20.0";"14.8";"Осадков нет";"12";"";"";"";"";
"01.08.2023 15:00";"26.0";"744.6";"757.3";"-0.4";"50";"Штиль, безветрие";"0";"";"";"90  или более, но не 100%";" ";"";"";"";"";"Кучевые средние или мощные или вместе с кучевыми разорванными, или с кучевыми плоскими, или со слоисто-кучевыми, либо без них; основания всех этих облаков расположены на одном уровне.";"90  или более, но не 100%";"1000-1500";"Высококучевых, высокослоистых или слоисто-дождевых облаков нет.";"Перистых, перисто-кучевых или перисто-слоистых нет.";"20.0";"14.9";"";"";"";"";"";"";
"01.08.2023 12:00";"25.6";"745.0";"757.9";"-0.1";"49";"Ветер, дующий с юго-востока";"1";"";"";"70 – 80%.";" ";"";"";"";"";"Кучевые средние или мощные или вместе с кучевыми разорванными, или с кучевыми плоскими, или со слоисто-кучевыми, либо без них; основания всех этих облаков расположены на одном уровне.";"70 – 80%.";"1000-1500";"Высококучевых, высокослоистых или слоисто-дождевых облаков нет.";"Перистых, перисто-кучевых или перисто-слоистых нет.";"20.0";"14.2";"";"";"";"";"";"";
"01.08.2023 09:00";"23.8";"745.1";"758.0";"0.4";"59";"Ветер, дующий с северо-востока";"1";"";"";"Облаков нет.";" ";"";"";"14.3";"";"";"";"";"";"";"20.0";"15.2";"Осадков нет";"12";"Поверхность почвы сырая (вода застаивается на поверхности и образует малые или большие лужи).";"15.0";"";"";
"01.08.2023 06:00";"15.1";"744.7";"757.9";"0.2";"97";"Штиль, безветрие";"0";"";"";"Облаков нет.";" ";"";"";"14.3";"";"";"";"";"";"";"20.0";"14.6";"Осадков нет";"12";"";"";"";"";
"01.08.2023 03:00";"15.2";"744.5";"757.7";"-0.1";"96";"Штиль, безветрие";"0";"";"";"Облаков нет.";" ";"";"";"";"";"";"";"";"";"";"17.0";"14.5";"";"";"";"";"";"";
"01.08.2023 00:00";"15.8";"744.6";"757.8";"0.5";"91";"Штиль, безветрие";"0";"";"";"20–30%.";" ";"";"";"";"";"Слоисто-кучевых, слоистых, кучевых или кучево-дождевых облаков нет.";"20–30%.";"2500 или более, или облаков нет.";"Высококучевые просвечивающие, расположенные на одном уровне.";"Перистых, перисто-кучевых или перисто-слоистых нет.";"19.0";"14.4";"";"";"";"";"";"";
